Density target;Current position x;Current position y;Current position z;Current position type;Next position x;Next position y;Next position z;Next position type;Target position x;Target position y;Target position z;Target position type;Heading angle;Flight state;Flight speed;Aircraft diameter;Flight count;Total far collisions;Total medium collisions;Total close collisions;Total spot on collisions;This uav id;Other uav id
10;743.443;95.1;507.0367;NoFlyEvasion;793.8496;95.1;479.3254;NoFlyEvasion;1614.436;0;-1461.575;Ground;208.80;Transit;5;1.85;100;43;13;5;1;62;91
10;742.9249;94.3;507.3216;NoFlyEvasion;793.8496;94.3;479.3254;NoFlyEvasion;1518.431;0;-927.739;Ground;208.80;Transit;18;0.21;100;43;13;5;2;91;62
10;-1181.161;43.7;-1527.091;NoFlyEvasion;-1070.187;43.7;-1555.584;NoFlyEvasion;1915.512;0;-376.2273;Ground;194.40;Transit;5;1.69;512;343;137;35;3;497;508
10;-1182.556;42;-1526.733;NoFlyEvasion;-1070.187;42;-1555.584;NoFlyEvasion;2371.343;0;-722.657;Ground;194.40;Transit;21;2.86;512;343;137;35;4;508;497
10;1148.323;53.1;464.4777;NoFlyEvasion;1206.149;53.1;479.3249;NoFlyEvasion;2291.865;0;2566.599;Ground;14.40;Transit;3;2.83;838;551;208;60;5;797;827
10;1146.821;51.4;464.0921;NoFlyEvasion;1206.149;51.4;479.3249;NoFlyEvasion;2581.692;0;2666.481;Ground;14.40;Transit;8;1.80;838;551;208;60;6;827;797
10;819.2922;42.8;1525.999;NoFlyEvasion;860.7337;42.8;1542.407;NoFlyEvasion;2641.4;0;1747.964;Ground;21.60;Transit;4;2.00;1087;725;277;81;7;1061;1072
10;817.6637;41.9;1525.354;NoFlyEvasion;860.7337;41.9;1542.407;NoFlyEvasion;2522.959;0;1500.61;Ground;21.60;Transit;19;1.94;1087;725;277;81;8;1072;1061
10;-1110.197;49.6;-453.9211;NoFlyEvasion;-999.9999;49.6;-440;NoFlyEvasion;-394.0061;0;51.59277;Ground;7.20;Transit;2;1.53;2154;1397;564;163;9;2092;2116
10;-1111.586;49.5;-454.0966;NoFlyEvasion;-999.9999;49.5;-440;NoFlyEvasion;2555.262;0;2549.071;Ground;7.20;Transit;6;1.35;2154;1397;564;163;10;2116;2092
10;767.9631;79;493.5567;NoFlyEvasion;670.8398;79;546.9508;NoFlyEvasion;-14.71631;0;839.412;Ground;151.20;Transit;2;2.40;2356;1531;619;182;11;2291;2344
10;769.0327;78.5;492.9687;NoFlyEvasion;670.8398;78.5;546.9508;NoFlyEvasion;-177.3887;0;655.9099;Ground;151.20;Transit;16;0.28;2356;1531;619;182;12;2344;2291
10;842.8605;90.9;466.7415;NoFlyEvasion;929.8126;90.9;444.4159;NoFlyEvasion;2128.969;0;-813.4308;Ground;194.40;Transit;5;0.32;3001;1919;789;232;13;2972;2988
10;842.2012;92.2;466.9108;NoFlyEvasion;929.8126;92.2;444.4159;NoFlyEvasion;2197.993;0;-1303.626;Ground;194.40;Transit;16;2.65;3001;1919;789;232;14;2988;2972
10;-442.7031;63.8;-990.239;NoFlyEvasion;-441.105;63.8;-964.8382;NoFlyEvasion;-1309.74;0;109.7727;Ground;86.40;Transit;4;0.27;3058;1969;810;237;15;3016;3051
10;-442.7233;63.5;-990.5599;NoFlyEvasion;-441.105;63.5;-964.8382;NoFlyEvasion;-1321.411;0;1517.703;Ground;86.40;Transit;20;0.87;3058;1969;810;237;16;3051;3016
10;630.9585;78.2;1418.616;NoFlyEvasion;616.6537;78.2;1408.223;NoFlyEvasion;-4.354736;0;1266.066;Ground;324.00;Transit;2;2.00;5006;3334;1402;387;17;4901;4996
10;632.6093;78;1419.815;NoFlyEvasion;616.6537;78;1408.223;NoFlyEvasion;-1579.944;0;1731.208;Ground;324.00;Transit;19;2.36;5006;3334;1402;387;18;4996;4901
10;925.8768;82.5;1550.636;NoFlyEvasion;1000;82.5;1560;NoFlyEvasion;2013.231;0;1106.307;Ground;7.20;Transit;7;2.76;5577;3682;1536;417;19;5545;5562
10;926.7813;79.9;1550.75;NoFlyEvasion;860.7337;79.9;1542.407;NoFlyEvasion;-1838.52;0;1454.219;Ground;352.80;Transit;10;2.84;5577;3682;1536;417;20;5562;5545
10;1555.487;60.3;980.9973;NoFlyEvasion;1558.895;60.3;1035.162;NoFlyEvasion;1230.643;0;2349.245;Ground;86.40;Transit;3;2.59;6446;4272;1775;478;21;6339;6435
10;1555.424;59;979.9976;NoFlyEvasion;1558.895;59;1035.162;NoFlyEvasion;1166.606;0;2410.519;Ground;86.40;Transit;23;0.87;6446;4272;1775;478;22;6435;6339
10;1389.241;72.3;1401.097;NoFlyEvasion;1383.347;72.3;1408.222;NoFlyEvasion;241.6162;0;2073.282;Ground;129.60;Transit;3;2.34;6788;4489;1870;508;23;6758;6777
10;1389.544;73.6;1400.731;NoFlyEvasion;1383.347;73.6;1408.222;NoFlyEvasion;-1156.646;0;2548.831;Ground;129.60;Transit;15;0.44;6788;4489;1870;508;24;6777;6758
10;1078.073;73.4;1550.137;NoFlyEvasion;1000;73.4;1560;NoFlyEvasion;-36.47729;0;1696.478;Ground;172.80;Transit;4;0.74;7094;4690;1958;539;25;7059;7088
10;1079.244;74.3;1549.989;NoFlyEvasion;1000;74.3;1560;NoFlyEvasion;-1265.831;0;2341.588;Ground;172.80;Transit;25;2.55;7094;4690;1958;539;26;7088;7059
10;-476.4709;69;-1186.651;NoFlyEvasion;-449.9193;69;-1104.934;NoFlyEvasion;-1944.844;0;152.6169;Ground;72.00;Transit;3;1.92;7406;4850;2024;562;27;7361;7393
10;-476.6257;67.2;-1187.128;NoFlyEvasion;-449.9193;67.2;-1104.934;NoFlyEvasion;-2259.953;0;1370.054;Ground;72.00;Transit;13;1.85;7406;4850;2024;562;28;7393;7361
10;1186.121;75.1;1523.856;NoFlyEvasion;1139.267;75.1;1542.406;NoFlyEvasion;-1586.025;0;2410.582;Ground;158.40;Transit;11;1.60;7601;4954;2071;575;29;7591;7595
10;1188.167;75.1;1523.045;NoFlyEvasion;1139.267;75.1;1542.406;NoFlyEvasion;163.9734;0;1910.912;Ground;158.40;Transit;21;2.83;7601;4954;2071;575;30;7595;7591
10;-1528.649;50.3;-818.5715;NoFlyEvasion;-1472.824;50.3;-699.9368;NoFlyEvasion;-196.3101;0;-25.69849;Ground;64.80;Transit;2;1.51;8255;5408;2276;631;31;8195;8249
10;-1528.836;49.1;-818.9697;NoFlyEvasion;-1472.824;49.1;-699.9368;NoFlyEvasion;1853.162;0;1935.821;Ground;64.80;Transit;14;1.08;8255;5408;2276;631;32;8249;8195
10;455.5898;54.6;1111.095;NoFlyEvasion;467.4085;54.6;1173.05;NoFlyEvasion;1448.028;0;2534.319;Ground;79.20;Transit;10;1.21;8713;5748;2424;670;33;8679;8692
10;455.2862;54.4;1109.503;NoFlyEvasion;467.4085;54.4;1173.05;NoFlyEvasion;1111.871;0;2334.287;Ground;79.20;Transit;16;2.06;8713;5748;2424;670;34;8692;8679
10;923.8936;112;1550.385;NoFlyEvasion;860.7337;112;1542.407;NoFlyEvasion;-659.8484;0;323.8142;Ground;352.80;Transit;3;1.63;9071;5991;2530;696;35;9022;9066
10;925.6213;113.1;1550.604;NoFlyEvasion;860.7337;113.1;1542.407;NoFlyEvasion;-124.845;0;818.7433;Ground;352.80;Transit;21;2.73;9071;5991;2530;696;36;9066;9022
10;547.2766;115.8;1324.36;NoFlyEvasion;527.1765;115.8;1300.063;NoFlyEvasion;-2383.011;0;143.3022;Ground;309.60;Transit;3;1.02;9932;6609;2795;769;37;9872;9924
10;548.4493;116.4;1325.778;NoFlyEvasion;527.1765;116.4;1300.063;NoFlyEvasion;-790.185;0;860.9838;Ground;309.60;Transit;25;2.90;9932;6609;2795;769;38;9924;9872
10;1414.254;109.1;626.8589;NoFlyEvasion;1329.159;109.1;546.95;NoFlyEvasion;353.3857;0;-551.0085;Ground;316.80;Transit;2;1.06;10971;7319;3090;848;39;10923;10964
10;1414.75;110.4;627.3246;NoFlyEvasion;1329.159;110.4;546.95;NoFlyEvasion;-2185.902;0;-2248.638;Ground;316.80;Transit;28;2.03;10971;7319;3090;848;40;10964;10923
10;-1513.888;107.6;-1216.323;NoFlyEvasion;-1506.703;107.6;-1238.436;NoFlyEvasion;-1660.667;0;-1842.822;Ground;252.00;Transit;4;2.41;11852;7966;3369;920;41;11807;11838
10;-1514.185;105.3;-1215.408;NoFlyEvasion;-1506.703;105.3;-1238.436;NoFlyEvasion;-2003.465;0;-2584.698;Ground;252.00;Transit;22;2.69;11852;7966;3369;920;42;11838;11807
10;1534.666;106.5;1162.175;NoFlyEvasion;1558.895;106.5;1035.162;NoFlyEvasion;207.877;0;-588.0308;Ground;259.20;Transit;3;1.89;11997;8049;3395;926;43;11967;11986
10;1534.402;104.9;1163.56;NoFlyEvasion;1558.895;104.9;1035.162;NoFlyEvasion;-261.6025;0;-2472.165;Ground;259.20;Transit;14;2.40;11997;8049;3395;926;44;11986;11967
10;-815.535;113.5;-475.4888;NoFlyEvasion;-860.7328;113.5;-457.5937;NoFlyEvasion;-2057.258;0;-1448.947;Ground;158.40;Transit;4;1.95;12865;8620;3640;990;45;12829;12852
10;-814.4734;115.1;-475.9091;NoFlyEvasion;-860.7328;115.1;-457.5937;NoFlyEvasion;-2564.163;0;-1419.749;Ground;158.40;Transit;23;2.19;12865;8620;3640;990;46;12852;12829
10;-1011.667;113.1;-441.4739;NoFlyEvasion;-1139.266;113.1;-457.5934;NoFlyEvasion;-2139.277;0;-1599.596;Ground;352.80;Transit;7;2.93;13494;8972;3791;1026;47;13449;13465
10;-1010.119;111.5;-441.2784;NoFlyEvasion;-1139.266;111.5;-457.5934;NoFlyEvasion;-2287.071;0;-1837.66;Ground;352.80;Transit;15;1.54;13494;8972;3791;1026;48;13465;13449
10;-680.4865;81.5;-545.4003;NoFlyEvasion;-616.653;81.5;-591.7782;NoFlyEvasion;413.8364;0;-1162.453;Ground;216.00;Transit;9;1.61;13868;9222;3902;1046;49;13849;13860
10;-682.1374;82.1;-544.2008;NoFlyEvasion;-616.653;82.1;-591.7782;NoFlyEvasion;1606.968;0;-1144.524;Ground;216.00;Transit;21;2.86;13868;9222;3902;1046;50;13860;13849
10;-571.7775;56.7;-1360.024;NoFlyEvasion;-568.5132;56.7;-1356.958;NoFlyEvasion;-245.9202;0;1527.63;Ground;43.20;Transit;3;0.36;16537;11031;4636;1229;51;16493;16526
10;-571.9913;55.6;-1360.224;NoFlyEvasion;-568.5132;55.6;-1356.958;NoFlyEvasion;-491.1428;0;279.9441;Ground;43.20;Transit;12;1.96;16537;11031;4636;1229;52;16526;16493
10;791.7197;84.7;480.4963;NoFlyEvasion;793.8496;84.7;479.3254;NoFlyEvasion;1974.377;0;196.5198;Ground;208.80;Transit;6;2.56;17324;11574;4854;1288;53;17268;17269
10;793.8496;84.7;479.3254;NoFlyEvasion;793.8496;84.7;479.3254;NoFlyEvasion;2364.026;0;386.4973;Ground;180.00;Transit;5;2.41;17324;11574;4854;1288;54;17269;17268
10;1409.551;56.9;622.4432;NoFlyEvasion;1431.487;56.9;643.0418;NoFlyEvasion;1441.165;0;2469.239;Ground;43.20;Transit;4;0.15;18600;12406;5214;1359;55;18539;18587
10;1409.113;58.1;622.0311;NoFlyEvasion;1431.487;58.1;643.0418;NoFlyEvasion;1210.036;0;2062.915;Ground;43.20;Transit;24;2.56;18600;12406;5214;1359;56;18587;18539
10;-1745.694;55.8;372.5744;Air;-1719.002;55.8;451.4038;Air;-1719.002;0;451.4038;Ground;71.29;Transit;2;1.40;20254;13687;5761;1504;57;20218;20247
10;-1744.824;56.2;371.6087;Air;-1419.751;56.2;1436.495;Air;-1419.751;0;1436.495;Ground;73.02;Transit;6;1.35;20254;13687;5761;1504;58;20247;20218
10;-506.6615;48.4;-1259.496;NoFlyEvasion;-493.2973;48.4;-1238.437;NoFlyEvasion;2330.101;0;1516.87;Ground;57.60;Transit;7;0.47;21532;14515;6097;1604;59;21503;21521
10;-506.6831;48.1;-1259.53;NoFlyEvasion;-493.2973;48.1;-1238.437;NoFlyEvasion;881.0968;0;-86.12842;Ground;57.60;Transit;11;0.14;21532;14515;6097;1604;60;21521;21503
10;-1551.677;91.8;-1079.562;NoFlyEvasion;-1550.081;91.8;-1104.933;NoFlyEvasion;32.78613;0;-2393.712;Ground;266.40;Transit;5;2.74;22401;15141;6350;1663;61;22352;22389
10;-1551.749;92.9;-1078.423;NoFlyEvasion;-1550.081;92.9;-1104.933;NoFlyEvasion;-137.3403;0;-2649.824;Ground;266.40;Transit;19;0.54;22401;15141;6350;1663;62;22389;22352
10;690.2335;73.5;536.289;NoFlyEvasion;670.8398;73.5;546.9508;NoFlyEvasion;-2164.334;0;2395.856;Ground;151.20;Transit;8;1.18;22510;15209;6386;1674;63;22489;22500
10;691.5836;73.2;535.5468;NoFlyEvasion;670.8398;73.2;546.9508;NoFlyEvasion;-586.0896;0;1422.167;Ground;151.20;Transit;15;2.04;22510;15209;6386;1674;64;22500;22489
10;1421.954;89.6;1358.74;Air;2405.469;89.6;433.4893;Air;2405.469;0;433.4893;Ground;223.25;Transit;3;1.87;22787;15367;6452;1689;65;22732;22773
10;1423.02;90;1360.265;NoFlyEvasion;1472.824;90;1300.062;NoFlyEvasion;2013.991;0;114.782;Ground;230.40;Transit;16;1.98;22787;15367;6452;1689;66;22773;22732
10;448.5703;96.1;916.5058;NoFlyEvasion;449.9191;96.1;895.0668;NoFlyEvasion;1437.353;0;-1623.064;Ground;266.40;Transit;9;0.24;27574;18467;7709;2045;67;27557;27565
10;448.5137;95.8;917.405;NoFlyEvasion;449.9191;95.8;895.0668;NoFlyEvasion;1081.372;0;-13.16748;Ground;266.40;Transit;19;1.68;27574;18467;7709;2045;68;27565;27557
10;1555.931;99.6;988.0547;NoFlyEvasion;1550.081;99.6;895.0656;NoFlyEvasion;1155.933;0;-2273.836;Ground;273.60;Transit;10;1.79;27667;18530;7738;2055;69;27654;27660
10;1555.979;98.5;988.8134;NoFlyEvasion;1550.081;98.5;895.0656;NoFlyEvasion;1412.815;0;-1407.727;Ground;273.60;Transit;27;0.93;27667;18530;7738;2055;70;27660;27654
10;1317.943;72;-2386.427;Air;547.0857;72;-1830.036;Air;547.0857;0;-1830.036;Ground;144.18;Transit;1;1.91;27802;18618;7770;2064;71;27791;27797
10;1319.12;70.4;-2385.486;Air;1141.856;70.4;-2220.557;Air;1141.856;0;-2220.557;Ground;137.06;Transit;2;2.49;27802;18618;7770;2064;72;27797;27791
10;943.0687;47.8;-1283.327;Air;2034.659;47.8;-511.1965;Air;2034.659;0;-511.1965;Ground;35.27;Transit;5;2.36;28589;19158;7996;2131;73;28575;28585
10;941.1119;47;-1282.03;Air;2370.194;47;-405.3254;Air;2370.194;0;-405.3254;Ground;31.53;Transit;10;2.64;28589;19158;7996;2131;74;28585;28575
10;-309.5797;69;452.2579;Air;-389.4453;69;545.9197;Air;-389.4453;0;545.9197;Ground;130.45;Transit;7;2.11;29783;19913;8327;2198;75;29753;29760
10;-308.959;68.6;451.062;Air;-1095.789;68.6;1428.99;Air;-1095.789;0;1428.99;Ground;128.82;Transit;12;0.77;29783;19913;8327;2198;76;29760;29753
10;1247.422;75.5;1499.585;NoFlyEvasion;1139.267;75.5;1542.406;NoFlyEvasion;-2078.252;0;2602.211;Ground;158.40;Transit;5;0.18;29797;19918;8329;2200;77;29767;29789
10;1247.905;76;1499.393;NoFlyEvasion;1139.267;76;1542.406;NoFlyEvasion;-2614.188;0;2617.598;Ground;158.40;Transit;13;1.33;29797;19918;8329;2200;78;29789;29767
10;553.4026;66;-1421.193;Air;-591.0786;66;812.4418;Air;-591.0786;0;812.4418;Ground;117.13;Transit;3;1.38;30292;20232;8468;2237;79;30288;30290
10;552.656;65.2;-1421.748;Air;-1096.887;65.2;2361.158;Air;-1096.887;0;2361.158;Ground;113.56;Transit;10;1.09;30292;20232;8468;2237;80;30290;30288
10;-789.4694;50;-1518.266;NoFlyEvasion;-670.8409;50;-1453.05;NoFlyEvasion;14.52759;0;-637.8379;Ground;28.80;Transit;2;2.52;30371;20290;8496;2243;81;30337;30347
10;-790.3457;47.5;-1518.748;NoFlyEvasion;-670.8409;47.5;-1453.05;NoFlyEvasion;2189.682;0;952.7416;Ground;28.80;Transit;8;2.87;30371;20290;8496;2243;82;30347;30337
10;-500.1083;58.9;-757.4595;NoFlyEvasion;-527.1759;58.9;-699.9377;NoFlyEvasion;-701.5059;0;179.3809;Ground;115.20;Transit;6;2.93;31628;21134;8823;2333;83;31602;31616
10;-499.2566;60.1;-759.2697;NoFlyEvasion;-527.1759;60.1;-699.9377;NoFlyEvasion;-752.6607;0;2721.1;Ground;115.20;Transit;11;1.80;31628;21134;8823;2333;84;31616;31602
10;-1310.663;51.7;-538.97;NoFlyEvasion;-1269.782;51.7;-509.2682;NoFlyEvasion;748.5024;0;2165.626;Ground;36.00;Transit;8;0.39;32683;21840;9121;2406;85;32666;32672
10;-1311.481;51.6;-539.5645;NoFlyEvasion;-1269.782;51.6;-509.2682;NoFlyEvasion;-244.0366;0;289.6194;Ground;36.00;Transit;21;1.75;32683;21840;9121;2406;86;32672;32666
10;-1551.263;96.6;-924.8272;NoFlyEvasion;-1558.895;96.6;-964.837;NoFlyEvasion;-778.8252;0;-2006.334;Ground;280.80;Transit;4;2.40;33982;22696;9496;2511;87;33944;33969
10;-1550.993;98.8;-923.4112;NoFlyEvasion;-1558.895;98.8;-964.837;NoFlyEvasion;-1174.484;0;-2476.288;Ground;280.80;Transit;20;2.97;33982;22696;9496;2511;88;33969;33944
10;2403.629;61.2;243.1469;Air;2401.132;61.2;268.9851;Air;2401.132;0;268.9851;Ground;95.52;Transit;15;1.09;34470;23044;9645;2552;89;34454;34460
10;2404.215;61.5;241.8278;Air;2319.666;61.5;941.131;Air;2319.666;0;941.131;Ground;96.89;Transit;19;1.92;34470;23044;9645;2552;90;34460;34454
10;-1073.059;75.9;-449.2295;NoFlyEvasion;-1139.266;75.9;-457.5934;NoFlyEvasion;-1989.009;0;-433.3193;Ground;352.80;Transit;2;1.28;35111;23485;9834;2603;91;35045;35088
10;-1071.73;75.3;-449.0616;NoFlyEvasion;-1139.266;75.3;-457.5934;NoFlyEvasion;-2267.564;0;-428.1135;Ground;352.80;Transit;15;1.84;35111;23485;9834;2603;92;35088;35045
10;1503.851;79.3;1234.126;NoFlyEvasion;1472.824;79.3;1300.062;NoFlyEvasion;-1616.737;0;1179.431;Ground;115.20;Transit;3;1.21;35923;24051;10087;2673;93;35899;35907
10;1503.267;80.4;1235.367;NoFlyEvasion;1532.592;80.4;1173.049;NoFlyEvasion;2261.993;0;1003.678;Ground;244.80;Transit;13;2.36;35923;24051;10087;2673;94;35907;35899
10;587.045;104.2;1372.432;NoFlyEvasion;527.1765;104.2;1300.063;NoFlyEvasion;-72.53296;0;-2017.506;Ground;309.60;Transit;5;0.32;36046;24127;10118;2684;95;36021;36032
10;587.294;105.6;1372.733;NoFlyEvasion;527.1765;105.6;1300.063;NoFlyEvasion;221.3164;0;-665.5427;Ground;309.60;Transit;14;2.60;36046;24127;10118;2684;96;36032;36021
10;-882.5079;43.1;-1543.438;NoFlyEvasion;-793.851;43.1;-1520.675;NoFlyEvasion;1103.464;0;-757.2959;Ground;14.40;Transit;4;0.44;36596;24550;10294;2718;97;36557;36589
10;-882.7217;42.7;-1543.493;NoFlyEvasion;-793.851;42.7;-1520.675;NoFlyEvasion;1486.954;0;-863.9616;Ground;14.40;Transit;22;0.62;36596;24550;10294;2718;98;36589;36557
10;-1148.973;79.9;-461.4366;NoFlyEvasion;-1269.782;79.9;-509.2682;NoFlyEvasion;-2550.608;0;-606.4219;Ground;338.40;Transit;6;2.73;36955;24786;10382;2740;99;36915;36940
10;-1151.327;80.4;-462.3684;NoFlyEvasion;-1139.266;80.4;-457.5934;NoFlyEvasion;730.7543;0;-686.3608;Ground;21.60;Transit;10;2.48;36955;24786;10382;2740;100;36940;36915
10;2268.253;102.7;1147.906;Air;1823.286;102.7;-920.0455;Air;1823.286;0;-920.0455;Ground;282.14;Transit;14;2.66;38872;26082;10897;2851;101;38861;38865
10;2268.285;100.9;1146.441;Air;2014.366;100.9;-2464.584;Air;2014.366;0;-2464.584;Ground;274.02;Transit;13;1.98;38872;26082;10897;2851;102;38865;38861
10;442.7254;89.4;1043.657;NoFlyEvasion;441.1051;89.4;1035.163;NoFlyEvasion;1667.101;0;81.60156;Ground;280.80;Transit;3;0.54;39340;26329;10998;2879;103;39320;39331
10;442.8761;90.2;1044.447;NoFlyEvasion;441.1051;90.2;1035.163;NoFlyEvasion;2080.428;0;-197.6355;Ground;280.80;Transit;12;1.74;39340;26329;10998;2879;104;39331;39320
10;551.317;87.5;670.1383;NoFlyEvasion;568.5121;87.5;643.043;NoFlyEvasion;1778.803;0;283.2922;Ground;237.60;Transit;4;2.87;40096;26822;11198;2928;105;40042;40078
10;549.8218;88;672.4943;NoFlyEvasion;568.5121;88;643.043;NoFlyEvasion;2242.349;0;-366.7383;Ground;237.60;Transit;7;2.85;40096;26822;11198;2928;106;40078;40042
10;716.0325;74.2;522.1058;NoFlyEvasion;670.8398;74.2;546.9508;NoFlyEvasion;-1307.543;0;1791.895;Ground;151.20;Transit;8;1.69;40631;27174;11342;2962;107;40607;40622
10;717.8735;74;521.0937;NoFlyEvasion;670.8398;74;546.9508;NoFlyEvasion;-1929.711;0;2022.799;Ground;151.20;Transit;17;2.54;40631;27174;11342;2962;108;40622;40607
10;-598.0594;46;-1384.704;NoFlyEvasion;-568.5132;46;-1356.958;NoFlyEvasion;1649.6;0;-126.0835;Ground;43.20;Transit;6;1.89;41288;27595;11517;3008;109;41257;41273
10;-598.439;48.2;-1385.06;NoFlyEvasion;-568.5132;48.2;-1356.958;NoFlyEvasion;440.176;0;-486.1414;Ground;43.20;Transit;13;2.63;41288;27595;11517;3008;110;41273;41257
10;-461.9157;64.5;-855.7437;NoFlyEvasion;-467.4081;64.5;-826.9514;NoFlyEvasion;-1306.324;0;401.5383;Ground;100.80;Transit;9;2.56;41540;27748;11582;3027;111;41522;41534
10;-461.4357;64.7;-858.2599;NoFlyEvasion;-467.4081;64.7;-826.9514;NoFlyEvasion;-1882.568;0;2005.802;Ground;100.80;Transit;25;2.66;41540;27748;11582;3027;112;41534;41522
10;1352.654;90.7;1430.521;NoFlyEvasion;1383.347;90.7;1408.222;NoFlyEvasion;2166.657;0;379.8589;Ground;216.00;Transit;2;2.73;42327;28262;11803;3082;113;42253;42310
10;1352.465;92.1;1430.659;NoFlyEvasion;1383.347;92.1;1408.222;NoFlyEvasion;2680.76;0;-1289.923;Ground;216.00;Transit;10;0.12;42327;28262;11803;3082;114;42310;42253
10;525.7407;48.2;1297.012;NoFlyEvasion;527.1765;48.2;1300.063;NoFlyEvasion;2241.009;0;2186.814;Ground;64.80;Transit;4;2.78;42460;28360;11852;3094;115;42419;42445
10;524.4371;47.5;1297;NoFlyEvasion;527.1765;47.5;1300.063;NoFlyEvasion;2505.294;0;2608.388;Ground;48.20;Transit;12;0.18;42460;28360;11852;3094;116;42445;42419
10;732.0691;74.4;513.2896;NoFlyEvasion;670.8398;74.4;546.9508;NoFlyEvasion;-1428.124;0;1954.089;Ground;151.20;Transit;6;1.78;42688;28493;11907;3110;117;42667;42674
10;733.3841;74.8;512.5667;NoFlyEvasion;670.8398;74.8;546.9508;NoFlyEvasion;-1995.383;0;2023.825;Ground;151.20;Transit;12;1.34;42688;28493;11907;3110;118;42674;42667
10;-1211.456;70.8;-486.1751;NoFlyEvasion;-1269.782;70.8;-509.2682;NoFlyEvasion;-2058.794;0;-23.75928;Ground;338.40;Transit;4;0.64;42703;28501;11913;3113;119;42641;42678
10;-1210.785;70.4;-485.9098;NoFlyEvasion;-1269.782;70.4;-509.2682;NoFlyEvasion;-2476.036;0;588.9663;Ground;338.40;Transit;12;1.06;42703;28501;11913;3113;120;42678;42641
10;444.6672;96.8;978.544;NoFlyEvasion;449.9191;96.8;895.0668;NoFlyEvasion;1170.293;0;-1029.99;Ground;266.40;Transit;3;0.55;42713;28507;11918;3116;121;42675;42707
10;444.5767;97;979.9822;NoFlyEvasion;449.9191;97;895.0668;NoFlyEvasion;1241.612;0;-2034.67;Ground;266.40;Transit;19;2.66;42713;28507;11918;3116;122;42707;42675
10;-1507.802;79.3;-774.2697;NoFlyEvasion;-1532.592;79.3;-826.9503;NoFlyEvasion;-2370.298;0;-807.1423;Ground;295.20;Transit;5;1.25;45257;30236;12663;3296;123;45186;45248
10;-1507.952;80.5;-774.5875;NoFlyEvasion;-1472.824;80.5;-699.9368;NoFlyEvasion;1503.427;0;-1005.216;Ground;64.80;Transit;9;1.26;45257;30236;12663;3296;124;45248;45186
10;441.2012;63.6;1033.635;NoFlyEvasion;441.1051;63.6;1035.163;NoFlyEvasion;656.1665;0;2097.149;Ground;93.60;Transit;6;2.92;48001;32077;13407;3468;125;47945;47994
10;439.5851;63.7;1032.105;Air;-21.57202;63.7;2571.492;Air;-21.57202;0;2571.492;Ground;106.68;Transit;16;1.57;48001;32077;13407;3468;126;47994;47945
10;-445.1657;93.5;-943.5511;NoFlyEvasion;-441.105;93.5;-964.8382;NoFlyEvasion;-246.7483;0;-2240.421;Ground;259.20;Transit;5;0.88;48275;32264;13486;3488;127;48241;48260
10;-445.4094;93;-942.2736;NoFlyEvasion;-441.105;93;-964.8382;NoFlyEvasion;158.2295;0;-2126.039;Ground;259.20;Transit;10;1.95;48275;32264;13486;3488;128;48260;48241
10;442.3703;91.2;1015.053;NoFlyEvasion;449.9191;91.2;895.0668;NoFlyEvasion;1833.795;0;-189.282;Ground;266.40;Transit;5;0.43;48805;32644;13656;3543;129;48778;48797
10;442.2692;91.3;1016.66;NoFlyEvasion;449.9191;91.3;895.0668;NoFlyEvasion;1575.6;0;-319.689;Ground;266.40;Transit;18;2.99;48805;32644;13656;3543;130;48797;48778
10;1384.219;54.7;1413.104;NoFlyEvasion;1401.427;54.7;1509.413;NoFlyEvasion;1697.923;0;2190.705;Ground;79.87;Transit;4;2.43;49078;32839;13731;3565;131;49006;49049
10;1382.994;54.8;1410.838;NoFlyEvasion;1367.729;54.8;1523.921;NoFlyEvasion;1515.58;0;1865.881;Ground;97.69;Transit;11;2.74;49078;32839;13731;3565;132;49049;49006
10;-1480.926;102.7;-717.1557;NoFlyEvasion;-1532.592;102.7;-826.9503;NoFlyEvasion;-1574.559;0;-2695.751;Ground;295.20;Transit;11;2.90;49583;33156;13866;3597;133;49573;49578
10;-1480.283;101.9;-715.7894;NoFlyEvasion;-1532.592;101.9;-826.9503;NoFlyEvasion;-1541.465;0;-2723.875;Ground;295.20;Transit;24;0.72;49583;33156;13866;3597;134;49578;49573
10;-2199.251;54.1;-1096.26;Air;-449.6323;54.1;2422.77;Air;-449.6323;0;2422.77;Ground;63.56;Transit;4;2.35;49829;33290;13911;3612;135;49804;49808
10;-2198.231;54.9;-1093.99;Air;-705.2622;54.9;2484.798;Air;-705.2622;0;2484.798;Ground;67.36;Transit;3;2.90;49829;33290;13911;3612;136;49808;49804
10;444.4236;51.4;982.4158;NoFlyEvasion;441.1051;51.4;1035.163;NoFlyEvasion;1853.028;0;2433.567;Ground;93.60;Transit;4;1.53;49979;33409;13956;3636;137;49960;49967
10;444.4764;49.8;981.5767;NoFlyEvasion;441.1051;49.8;1035.163;NoFlyEvasion;1623.907;0;1959.144;Ground;93.60;Transit;11;2.15;49979;33409;13956;3636;138;49967;49960
10;901.9066;72.1;168.8984;Air;-2633.472;72.1;2673.951;Air;-2633.472;0;2673.951;Ground;144.68;Transit;9;2.52;52464;35122;14677;3808;139;52453;52454
10;903.9437;71.8;168.2121;Air;-2354.118;71.8;2603.157;Air;-2354.118;0;2603.157;Ground;143.23;Transit;14;1.89;52464;35122;14677;3808;140;52454;52453
10;-1484.405;106;-724.5483;NoFlyEvasion;-1532.592;106;-826.9503;NoFlyEvasion;-1649.671;0;-2320.924;Ground;295.20;Transit;4;1.28;55806;37311;15566;4027;141;55718;55787
10;-1483.553;105.9;-722.7385;NoFlyEvasion;-1532.592;105.9;-826.9503;NoFlyEvasion;-2148.628;0;-2236.204;Ground;295.20;Transit;14;2.79;55806;37311;15566;4027;142;55787;55718
10;-1472.824;98.2;-699.9368;NoFlyEvasion;-1472.824;98.2;-699.9368;NoFlyEvasion;-1037.722;0;-2359.754;Ground;180.00;Transit;7;1.98;56683;37952;15847;4103;143;56646;56654
10;-1472.344;98.8;-698.3766;NoFlyEvasion;-1472.824;98.8;-699.9368;NoFlyEvasion;-1276.395;0;-2239.8;Ground;287.09;Transit;5;1.57;56683;37952;15847;4103;144;56654;56646
10;1541.234;114.2;867.8369;NoFlyEvasion;1506.703;114.2;761.5627;NoFlyEvasion;-1997.846;0;-767.5836;Ground;288.00;Transit;7;2.44;58195;38923;16288;4219;145;58183;58190
10;1541.997;114;870.1859;NoFlyEvasion;1506.703;114;761.5627;NoFlyEvasion;-2360.558;0;-879.408;Ground;288.00;Transit;24;2.77;58195;38923;16288;4219;146;58190;58183
10;527.875;72.6;707.077;NoFlyEvasion;493.2967;72.6;761.564;NoFlyEvasion;-1796.75;0;2302.715;Ground;122.40;Transit;16;2.42;59495;39879;16704;4316;147;59481;59486
10;528.8718;71.7;705.5063;NoFlyEvasion;493.2967;71.7;761.564;NoFlyEvasion;-324.3621;0;1392.425;Ground;122.40;Transit;27;1.76;59495;39879;16704;4316;148;59486;59481
10;-925.4265;81.7;-1554.458;NoFlyEvasion;-793.851;81.7;-1520.675;NoFlyEvasion;775.9493;0;-1274.122;Ground;14.40;Transit;3;2.93;62347;41704;17464;4531;149;62286;62328
10;-925.8624;83.4;-1554.57;NoFlyEvasion;-793.851;83.4;-1520.675;NoFlyEvasion;306.3762;0;-1726.97;Ground;14.40;Transit;8;0.59;62347;41704;17464;4531;150;62328;62286
10;969.4226;77.4;1556.137;NoFlyEvasion;860.7337;77.4;1542.407;NoFlyEvasion;-135.7961;0;1417.419;Ground;352.80;Transit;2;2.62;62751;41989;17583;4554;151;62686;62744
10;972.0225;77.6;1556.466;NoFlyEvasion;860.7337;77.6;1542.407;NoFlyEvasion;-1082.776;0;1757.562;Ground;352.80;Transit;20;2.66;62751;41989;17583;4554;152;62744;62686
10;958.2115;118.3;1554.721;NoFlyEvasion;860.7337;118.3;1542.407;NoFlyEvasion;-141.5518;0;1014.312;Ground;352.80;Transit;3;2.44;65276;43666;18226;4731;153;65239;65258
10;959.9485;119.9;1555.354;NoFlyEvasion;900.089;119.9;1548.411;NoFlyEvasion;-2474.004;0;1521.646;Ground;353.38;Transit;8;2.50;65276;43666;18226;4731;154;65258;65239
10;143.2879;113.4;1985.751;Air;-563.4731;113.4;1577.341;Air;-563.4731;0;1577.341;Ground;329.98;Transit;5;0.59;65637;43906;18318;4754;155;65610;65623
10;144.2234;113.1;1986.344;Air;-1468.747;113.1;1005.817;Air;-1468.747;0;1005.817;Ground;328.70;Transit;9;1.73;65637;43906;18318;4754;156;65623;65610
10;650.1473;47.4;1432.557;NoFlyEvasion;730.2179;47.4;1490.732;NoFlyEvasion;2229.898;0;2385.304;Ground;36.00;Transit;6;0.89;65654;43924;18324;4758;157;65615;65642
10;648.9335;46.5;1431.675;NoFlyEvasion;730.2179;46.5;1490.732;NoFlyEvasion;2333.036;0;2039.712;Ground;36.00;Transit;21;2.68;65654;43924;18324;4758;158;65642;65615
10;-462.1539;99.6;-854.4949;NoFlyEvasion;-441.105;99.6;-964.8382;NoFlyEvasion;-502.8506;0;-2141.601;Ground;259.20;Transit;4;2.87;68164;45832;19107;4968;159;68104;68154
10;-462.4875;100;-852.7462;NoFlyEvasion;-441.105;100;-964.8382;NoFlyEvasion;-592.9309;0;-2219.859;Ground;259.20;Transit;26;0.96;68164;45832;19107;4968;160;68154;68104
10;803.6315;42.6;2417.987;Air;1380.094;42.6;2539.533;Air;1380.094;0;2539.533;Ground;11.91;Transit;1;2.31;69239;46581;19408;5045;161;69189;69232
10;801.5486;42.6;2416.893;Air;1780.378;42.6;2622.448;Air;1780.378;0;2622.448;Ground;11.86;Transit;18;2.50;69239;46581;19408;5045;162;69232;69189
10;446.821;56.3;944.3104;NoFlyEvasion;441.1051;56.3;1035.163;NoFlyEvasion;869.3845;0;2242.126;Ground;93.60;Transit;2;2.03;69588;46848;19518;5073;163;69544;69575
10;446.9234;55.8;942.6827;NoFlyEvasion;441.1051;55.8;1035.163;NoFlyEvasion;1408.311;0;2523.288;Ground;93.60;Transit;13;1.51;69588;46848;19518;5073;164;69575;69544
10;307.6617;65;-1212.866;Air;14.22583;65;-510.4849;Air;14.22583;0;-510.4849;Ground;112.67;Transit;1;2.83;70193;47210;19671;5110;165;70179;70190
10;306.3112;63.3;-1214.282;Air;-389.8293;63.3;1405.377;Air;-389.8293;0;1405.377;Ground;104.88;Transit;13;2.41;70193;47210;19671;5110;166;70190;70179
10;-527.1759;87.1;-699.9377;NoFlyEvasion;-527.1759;87.1;-699.9377;NoFlyEvasion;1264.823;0;-2061.321;Ground;180.00;Transit;14;2.06;71500;48043;19999;5190;167;71487;71492
10;-527.9232;87.1;-699.0345;NoFlyEvasion;-527.1759;87.1;-699.9377;NoFlyEvasion;1936.206;0;-2705.121;Ground;230.40;Transit;24;0.36;71500;48043;19999;5190;168;71492;71487
10;1482.493;57.7;723.4149;NoFlyEvasion;1506.703;57.7;761.5627;NoFlyEvasion;1692.081;0;2254.31;Ground;57.60;Transit;3;2.85;71701;48193;20068;5206;169;71671;71694
10;1481.453;58.7;721.7753;NoFlyEvasion;1506.703;58.7;761.5627;NoFlyEvasion;1249.318;0;2415.118;Ground;57.60;Transit;25;1.90;71701;48193;20068;5206;170;71694;71671
10;-1294.829;75;-527.4661;NoFlyEvasion;-1383.346;75;-591.7775;NoFlyEvasion;-2699.678;0;-277.8423;Ground;324.00;Transit;9;0.51;72457;48674;20255;5256;171;72416;72428
10;-1293.47;74.9;-526.4786;NoFlyEvasion;-1383.346;74.9;-591.7775;NoFlyEvasion;-1838.47;0;-438.458;Ground;324.00;Transit;12;2.89;72457;48674;20255;5256;172;72428;72416
10;870.33;108.8;1544.265;NoFlyEvasion;860.7337;108.8;1542.407;NoFlyEvasion;-2224.898;0;-2322.282;Ground;349.04;Transit;11;1.36;73456;49352;20520;5325;173;73448;73451
10;871.441;107.2;1543.759;NoFlyEvasion;860.7337;107.2;1542.407;NoFlyEvasion;-168.2529;0;-380.1541;Ground;352.80;Transit;22;2.72;73456;49352;20520;5325;174;73451;73448
10;540.0143;49.4;1315.582;NoFlyEvasion;616.6537;49.4;1408.223;NoFlyEvasion;1631.366;0;2236.189;Ground;50.40;Transit;2;1.46;74353;49905;20713;5374;175;74284;74336
10;539.0516;48.2;1314.418;NoFlyEvasion;616.6537;48.2;1408.223;NoFlyEvasion;2307.994;0;2411.756;Ground;50.40;Transit;9;2.51;74353;49905;20713;5374;176;74336;74284
10;1045.461;40.6;444.4157;NoFlyEvasion;1070.186;40.6;444.4156;NoFlyEvasion;2589.094;0;705.5641;Ground;180.00;Transit;3;2.19;74468;50001;20751;5378;177;74401;74449
10;1044.414;41.4;444.4157;NoFlyEvasion;1070.186;41.4;444.4156;NoFlyEvasion;2467.438;0;910.6984;Ground;180.00;Transit;12;0.57;74468;50001;20751;5378;178;74449;74401
10;1238.765;76.6;1503.012;NoFlyEvasion;1139.267;76.6;1542.406;NoFlyEvasion;-541.5281;0;1632.322;Ground;158.40;Transit;3;1.93;74883;50275;20855;5398;179;74845;74875
10;1240.216;75.6;1502.438;NoFlyEvasion;1139.267;75.6;1542.406;NoFlyEvasion;-247.5481;0;2021.586;Ground;158.40;Transit;15;1.85;74883;50275;20855;5398;180;74875;74845
10;-845.92;68.4;-463.4585;NoFlyEvasion;-860.7328;68.4;-457.5937;NoFlyEvasion;-2187.773;0;1003.824;Ground;158.40;Transit;12;1.52;75568;50744;21050;5452;181;75551;75559
10;-845.0544;66.9;-463.8012;NoFlyEvasion;-860.7328;66.9;-457.5937;NoFlyEvasion;-2227.06;0;1436.517;Ground;158.40;Transit;23;2.09;75568;50744;21050;5452;182;75559;75551
10;698.2867;69.1;531.8617;NoFlyEvasion;670.8398;69.1;546.9508;NoFlyEvasion;154.645;0;1737.773;Ground;151.20;Transit;5;0.70;77844;52340;21700;5609;183;77819;77834
10;698.3665;70.3;531.8179;NoFlyEvasion;670.8398;70.3;546.9508;NoFlyEvasion;-1393.227;0;2660.104;Ground;151.20;Transit;16;1.71;77844;52340;21700;5609;184;77834;77819
10;767.4567;109.7;1505.476;NoFlyEvasion;730.2179;109.7;1490.732;NoFlyEvasion;-307.5222;0;62.92896;Ground;338.40;Transit;4;1.99;78289;52623;21824;5629;185;78264;78271
10;769.0934;108.3;1506.124;NoFlyEvasion;730.2179;108.3;1490.732;NoFlyEvasion;-64.61426;0;298.5762;Ground;338.40;Transit;7;2.53;78289;52623;21824;5629;186;78271;78264
10;-1554.862;65.9;-1028.932;NoFlyEvasion;-1558.895;65.9;-964.837;NoFlyEvasion;-1977.844;0;360.5901;Ground;93.60;Transit;5;1.85;78306;52642;21829;5632;187;78273;78292
10;-1554.775;64.5;-1030.32;NoFlyEvasion;-1558.895;64.5;-964.837;NoFlyEvasion;-2584.917;0;2207.412;Ground;93.60;Transit;12;2.15;78306;52642;21829;5632;188;78292;78273
10;1383.994;120;1407.672;NoFlyEvasion;1383.347;120;1408.222;NoFlyEvasion;-1237.045;0;1301.47;Ground;139.62;Transit;5;0.59;79390;53412;22145;5699;189;79368;79383
10;1384.409;120;1407.963;NoFlyEvasion;1383.347;120;1408.222;NoFlyEvasion;-804.2825;0;1381.816;Ground;166.29;Transit;11;0.54;79390;53412;22145;5699;190;79383;79368
10;990.875;75.4;444.4158;NoFlyEvasion;929.8126;75.4;444.4159;NoFlyEvasion;-1011.951;0;1716.258;Ground;180.00;Transit;11;1.52;79496;53465;22165;5707;191;79486;79487
10;992.0354;76.8;444.4158;NoFlyEvasion;929.8126;76.8;444.4159;NoFlyEvasion;-917.1249;0;1376.901;Ground;180.00;Transit;15;2.16;79496;53465;22165;5707;192;79487;79486
10;389.8579;115.2;-1683.919;Air;-580.7544;115.2;-2073.471;Air;-580.7544;0;-2073.471;Ground;338.13;Transit;2;2.11;80157;53945;22361;5751;193;80114;80155
10;391.3179;114.5;-1683.059;Air;-1562.813;114.5;-2593.425;Air;-1562.813;0;-2593.425;Ground;335.02;Transit;27;1.97;80157;53945;22361;5751;194;80155;80114
10;583.9451;77.8;628.5505;NoFlyEvasion;568.5121;77.8;643.043;NoFlyEvasion;-2450.238;0;1244.172;Ground;136.80;Transit;4;1.71;80265;54038;22401;5764;195;80218;80252
10;585.5496;77.7;627.0437;NoFlyEvasion;568.5121;77.7;643.043;NoFlyEvasion;-2372.587;0;1221.805;Ground;136.80;Transit;15;2.91;80265;54038;22401;5764;196;80252;80218
10;1550.56;62.6;1078.854;NoFlyEvasion;1532.592;62.6;1173.049;NoFlyEvasion;1229.188;0;2199.126;Ground;100.80;Transit;4;0.61;80965;54489;22581;5817;197;80885;80945
10;1550.71;64;1078.068;NoFlyEvasion;1532.592;64;1173.049;NoFlyEvasion;1034.809;0;2399.642;Ground;100.80;Transit;14;2.70;80965;54489;22581;5817;198;80945;80885
10;-1450.498;80.7;-1327.001;NoFlyEvasion;-1431.488;80.7;-1356.957;NoFlyEvasion;605.1978;0;-1314.779;Ground;237.60;Transit;2;1.26;83850;56494;23384;6018;199;83818;83837
10;-1450.135;79.8;-1327.574;NoFlyEvasion;-1506.703;79.8;-1238.436;NoFlyEvasion;-2073.269;0;-1158.316;Ground;122.40;Transit;24;1.21;83850;56494;23384;6018;200;83837;83818
10;808.0318;66.8;475.684;NoFlyEvasion;793.8496;66.8;479.3254;NoFlyEvasion;245.543;0;1882.326;Ground;165.60;Transit;2;2.52;84417;56894;23543;6060;201;84381;84403
10;808.9025;65.6;475.4605;NoFlyEvasion;793.8496;65.6;479.3254;NoFlyEvasion;310.8528;0;2352.541;Ground;165.60;Transit;9;0.55;84417;56894;23543;6060;202;84403;84381
10;-1238.847;106.9;-497.0202;NoFlyEvasion;-1269.782;106.9;-509.2682;NoFlyEvasion;-1714.671;0;-2051.323;Ground;338.40;Transit;7;0.78;84702;57116;23636;6079;203;84652;84691
10;-1237.823;106.8;-496.6148;NoFlyEvasion;-1269.782;106.8;-509.2682;NoFlyEvasion;-1869.539;0;-1909.799;Ground;338.40;Transit;20;1.61;84702;57116;23636;6079;204;84691;84652
10;-1114.986;49.7;-1544.082;NoFlyEvasion;-1070.187;49.7;-1555.584;NoFlyEvasion;2531.788;0;2242.939;Ground;194.40;Transit;13;2.52;84818;57187;23669;6084;205;84810;84811
10;-1115.801;48;-1543.872;NoFlyEvasion;-1070.187;48;-1555.584;NoFlyEvasion;2194.838;0;1300.332;Ground;194.40;Transit;22;1.32;84818;57187;23669;6084;206;84811;84810
10;1297.163;112.3;-1693.848;Air;1289.999;112.3;-1698.792;Air;1289.999;0;-1698.792;Ground;325.39;Transit;1;2.88;84827;57198;23674;6086;207;84759;84814
10;1297.854;112;-1691.298;Air;267.7668;112;-2440.731;Air;267.7668;0;-2440.731;Ground;323.96;Transit;7;2.46;84827;57198;23674;6086;208;84814;84759
10;-224.6039;96.5;871.7559;Air;538.3723;96.5;-1847.276;Air;538.3723;0;-1847.276;Ground;254.33;Transit;14;1.97;84950;57279;23705;6091;209;84945;84947
10;-226.6462;96.2;872.0294;Air;736.2612;96.2;-2259.713;Air;736.2612;0;-2259.713;Ground;252.91;Transit;17;2.19;84950;57279;23705;6091;210;84947;84945
10;-2021.193;69.2;787.0707;Air;-2166.681;69.2;951.7014;Air;-2166.681;0;951.7014;Ground;131.47;Transit;4;2.49;86244;58173;24079;6177;211;86162;86236
10;-2019.758;67.9;786.2693;Air;-2335.37;67.9;1228.653;Air;-2335.37;0;1228.653;Ground;125.51;Transit;12;1.77;86244;58173;24079;6177;212;86236;86162
10;713.5512;85.8;1478.623;NoFlyEvasion;730.2179;85.8;1490.732;NoFlyEvasion;2114.646;0;558.4482;Ground;36.00;Transit;2;1.69;86759;58499;24219;6207;213;86717;86750
10;712.4019;84.6;1477.788;NoFlyEvasion;730.2179;84.6;1490.732;NoFlyEvasion;1995.543;0;778.5538;Ground;36.00;Transit;15;2.08;86759;58499;24219;6207;214;86750;86717
10;780.0177;85.8;1510.449;NoFlyEvasion;860.7337;85.8;1542.407;NoFlyEvasion;2114.646;0;558.4482;Ground;21.60;Transit;2;1.69;86762;58504;24224;6209;215;86717;86726
10;779.1991;83.8;1510.125;NoFlyEvasion;860.7337;83.8;1542.407;NoFlyEvasion;2130.796;0;718.9531;Ground;21.60;Transit;6;2.69;86762;58504;24224;6209;216;86726;86717
10;862.1946;77;461.7773;NoFlyEvasion;793.8496;77;479.3254;NoFlyEvasion;-339.9915;0;1044.998;Ground;165.60;Transit;3;2.90;87223;58884;24371;6250;217;87169;87213
10;863.639;76.8;461.4064;NoFlyEvasion;793.8496;76.8;479.3254;NoFlyEvasion;-1273.239;0;1210.105;Ground;165.60;Transit;16;0.30;87223;58884;24371;6250;218;87213;87169
10;450.4836;54.9;1084.327;NoFlyEvasion;467.4085;54.9;1173.05;NoFlyEvasion;1227.905;0;2329.818;Ground;79.20;Transit;11;2.67;87545;59104;24454;6270;219;87513;87526
10;450.1837;56;1082.755;NoFlyEvasion;467.4085;56;1173.05;NoFlyEvasion;1409.214;0;2454.124;Ground;79.20;Transit;19;1.25;87545;59104;24454;6270;220;87526;87513
10;-101.2958;77.8;5.983367;Air;-1735.592;77.8;284.9187;Air;-1735.592;0;284.9187;Ground;170.31;Transit;2;1.94;90194;60903;25213;6470;221;90118;90190
10;-99.55797;78.6;5.050139;Air;-118.6924;78.6;7.117432;Air;-118.6924;0;7.117432;Ground;173.83;Transit;18;2.42;90194;60903;25213;6470;222;90190;90118
10;1514.799;50.6;786.4805;NoFlyEvasion;1550.081;50.6;895.0656;NoFlyEvasion;2482.713;0;2189.798;Ground;72.00;Transit;5;2.56;90585;61168;25306;6494;223;90499;90562
10;1514.366;48.9;785.1489;NoFlyEvasion;1550.081;48.9;895.0656;NoFlyEvasion;2447.55;0;2208.354;Ground;72.00;Transit;20;1.87;90585;61168;25306;6494;224;90562;90499
10;444.4619;93.9;981.8079;NoFlyEvasion;449.9191;93.9;895.0668;NoFlyEvasion;2123.489;0;-1836.463;Ground;266.40;Transit;6;0.41;92138;62278;25775;6616;225;92116;92131
10;444.394;93.4;982.8865;NoFlyEvasion;449.9191;93.4;895.0668;NoFlyEvasion;1562.129;0;-316.5374;Ground;266.40;Transit;18;2.17;92138;62278;25775;6616;226;92131;92116
10;670.8398;91.8;546.9508;NoFlyEvasion;670.8398;91.8;546.9508;NoFlyEvasion;2223.438;0;-1466.231;Ground;180.00;Transit;7;2.56;92141;62280;25777;6618;227;92121;92131
10;669.6794;93.4;548.0405;NoFlyEvasion;670.8398;93.4;546.9508;NoFlyEvasion;1562.129;0;-316.5374;Ground;223.20;Transit;18;2.17;92141;62280;25777;6618;228;92131;92121
10;-443.0653;96.3;-995.9966;NoFlyEvasion;-449.9193;96.3;-1104.934;NoFlyEvasion;-282.781;0;-2281.706;Ground;273.60;Transit;14;2.53;93860;63483;26241;6721;229;93838;93852
10;-443.0358;95;-995.5275;NoFlyEvasion;-449.9193;95;-1104.934;NoFlyEvasion;-331.1951;0;-2063.011;Ground;273.60;Transit;25;0.27;93860;63483;26241;6721;230;93852;93838
10;-833.3971;81.5;-468.4167;NoFlyEvasion;-730.2172;81.5;-509.2687;NoFlyEvasion;1813.549;0;-814.9463;Ground;201.60;Transit;3;2.60;94666;64065;26470;6786;231;94629;94653
10;-835.6289;81.3;-467.5331;NoFlyEvasion;-730.2172;81.3;-509.2687;NoFlyEvasion;947.6623;0;-1169.896;Ground;201.60;Transit;15;2.29;94666;64065;26470;6786;232;94653;94629
10;-1192.458;43.5;-2359.276;Air;1030.726;43.5;-1722.427;Air;1030.726;0;-1722.427;Ground;15.98;Transit;2;1.40;96796;65639;27109;6952;233;96755;96792
10;-1192.809;43;-2360.767;Air;-68.96729;43;-2088.771;Air;-68.96729;0;-2088.771;Ground;13.61;Transit;22;1.85;96796;65639;27109;6952;234;96792;96755
10;696.2386;111.6;1466.044;NoFlyEvasion;616.6537;111.6;1408.223;NoFlyEvasion;56.03149;0;396.4612;Ground;324.00;Transit;3;1.89;97210;65912;27219;6987;235;97171;97187
10;697.8571;110.5;1467.22;NoFlyEvasion;616.6537;110.5;1408.223;NoFlyEvasion;-2028.161;0;-1283.577;Ground;324.00;Transit;8;2.67;97210;65912;27219;6987;236;97187;97171
10;-1203.329;100.2;-482.9576;NoFlyEvasion;-1269.782;100.2;-509.2682;NoFlyEvasion;-1059.618;0;-2601.457;Ground;338.40;Transit;5;1.03;98568;66862;27611;7083;237;98517;98551
10;-1202.306;99.8;-482.5525;NoFlyEvasion;-1269.782;99.8;-509.2682;NoFlyEvasion;-1101.093;0;-2379.056;Ground;338.40;Transit;10;1.36;98568;66862;27611;7083;238;98551;98517
10;1773.902;57.9;1694.844;Air;1812.152;57.9;1928.892;Air;1812.152;0;1928.892;Ground;80.72;Transit;2;1.35;98926;67103;27717;7120;239;98825;98887
10;1773.92;58.1;1694.099;Air;1805.05;58.1;1902.498;Air;1805.05;0;1902.498;Ground;81.50;Transit;9;0.29;98926;67103;27717;7120;240;98887;98825
10;-1082.673;49.3;-1552.378;NoFlyEvasion;-1070.187;49.3;-1555.584;NoFlyEvasion;2605.453;0;2063.817;Ground;194.40;Transit;4;1.25;99386;67420;27841;7145;241;99359;99378
10;-1084.185;49.1;-1551.99;NoFlyEvasion;-1070.187;49.1;-1555.584;NoFlyEvasion;2548.647;0;2053.969;Ground;194.40;Transit;16;1.92;99386;67420;27841;7145;242;99378;99359
10;-1376.86;73.13123;1082.456;Ground;-1376.86;0;1082.456;Ground;-1376.86;0;1082.456;Ground;270.00;Transit;1;0.60;100068;67912;28032;7197;243;99997;100063
10;-1375.239;72.6;1082.161;Air;-1402.65;72.6;1100.047;Air;-1402.65;0;1100.047;Ground;146.88;Transit;6;2.94;100068;67912;28032;7197;244;100063;99997
10;-1556.446;107.6;-1003.761;NoFlyEvasion;-1550.081;107.6;-1104.933;NoFlyEvasion;-1902.67;0;-1972.423;Ground;266.40;Transit;2;2.70;100666;68362;28209;7251;245;100590;100650
10;-1556.54;106.3;-1002.263;NoFlyEvasion;-1550.081;106.3;-1104.933;NoFlyEvasion;-2061.266;0;-2581.085;Ground;266.40;Transit;15;1.34;100666;68362;28209;7251;246;100650;100590
10;-950.3642;120;-1555.584;NoFlyEvasion;-1070.187;120;-1555.584;NoFlyEvasion;-2451.769;0;-1513.599;Ground;180.00;Transit;5;1.18;100963;68576;28308;7283;247;100908;100954
10;-949.7942;118.9;-1555.584;NoFlyEvasion;-1070.187;118.9;-1555.584;NoFlyEvasion;-2060.589;0;-1422.248;Ground;180.00;Transit;18;1.30;100963;68576;28308;7283;248;100954;100908
10;-1512.528;54.8;-1220.509;NoFlyEvasion;-1550.081;54.8;-1104.933;NoFlyEvasion;-871.9019;0;122.6641;Ground;108.00;Transit;5;2.47;102475;69640;28737;7408;249;102454;102470
10;-1511.938;55.3;-1222.325;NoFlyEvasion;-1550.081;55.3;-1104.933;NoFlyEvasion;-318.7122;0;1159.543;Ground;108.00;Transit;22;1.77;102475;69640;28737;7408;250;102470;102454
10;-512.7642;118;-1269.112;NoFlyEvasion;-568.5132;118;-1356.958;NoFlyEvasion;-2731.828;0;-1376.317;Ground;302.40;Transit;3;1.62;102829;69873;28834;7433;251;102755;102790
10;-512.4639;120;-1268.639;NoFlyEvasion;-568.5132;120;-1356.958;NoFlyEvasion;-2578.908;0;-1083.451;Ground;302.40;Transit;7;2.54;102829;69873;28834;7433;252;102790;102755
10;441.2458;101.1;1035.901;NoFlyEvasion;441.1051;101.1;1035.163;NoFlyEvasion;477.9939;0;-2690.528;Ground;280.80;Transit;13;0.92;104500;71076;29320;7552;253;104490;104491
10;441.1051;100.2;1035.163;NoFlyEvasion;441.1051;100.2;1035.163;NoFlyEvasion;431.6316;0;-1008.131;Ground;180.00;Transit;12;1.55;104500;71076;29320;7552;254;104491;104490
10;-568.5132;112.4;-1356.958;NoFlyEvasion;-568.5132;112.4;-1356.958;NoFlyEvasion;-2633.181;0;-2258.4;Ground;180.00;Transit;4;2.26;105859;72109;29734;7647;255;105826;105829
10;-567.8641;110.4;-1355.935;NoFlyEvasion;-568.5132;110.4;-1356.958;NoFlyEvasion;-2539.085;0;-2562.586;Ground;302.40;Transit;14;2.52;105859;72109;29734;7647;256;105829;105826
10;1507.594;106.5;764.6865;NoFlyEvasion;1506.703;106.5;761.5627;NoFlyEvasion;797.3486;0;-454.301;Ground;285.93;Transit;2;2.44;106783;72809;30052;7735;257;106737;106772
10;1508.239;107.9;766.2914;NoFlyEvasion;1506.703;107.9;761.5627;NoFlyEvasion;-1118.289;0;-2471.557;Ground;288.00;Transit;20;2.13;106783;72809;30052;7735;258;106772;106737
10;-1520.448;56.8;-801.1443;NoFlyEvasion;-1472.824;56.8;-699.9368;NoFlyEvasion;-740.3921;0;940.7294;Ground;64.80;Transit;4;2.88;107004;72967;30126;7760;259;106970;106998
10;-1521.044;55.7;-802.4114;NoFlyEvasion;-1472.824;55.7;-699.9368;NoFlyEvasion;-545.5696;0;1878.234;Ground;64.80;Transit;24;0.75;107004;72967;30126;7760;260;106998;106970
10;563.0409;91.9;651.6644;NoFlyEvasion;568.5121;91.9;643.043;NoFlyEvasion;1942.949;0;-347.4597;Ground;237.60;Transit;4;2.01;107551;73372;30300;7814;261;107504;107543
10;561.9367;93.1;653.4042;NoFlyEvasion;568.5121;93.1;643.043;NoFlyEvasion;2242.25;0;-1665.63;Ground;237.60;Transit;15;2.80;107551;73372;30300;7814;262;107543;107504
10;-1204.725;114.8;-1521.041;NoFlyEvasion;-1206.15;114.8;-1520.675;NoFlyEvasion;-2266.126;0;-1663.634;Ground;165.60;Transit;15;0.14;107568;73390;30310;7819;263;107548;107554
10;-1203.582;114.5;-1521.334;NoFlyEvasion;-1206.15;114.5;-1520.675;NoFlyEvasion;-1841.121;0;-1632.514;Ground;165.60;Transit;22;2.33;107568;73390;30310;7819;264;107554;107548
10;499.2444;93.8;752.1919;NoFlyEvasion;568.5121;93.8;643.043;NoFlyEvasion;1428.656;0;-532.4592;Ground;237.60;Transit;2;2.93;108730;74261;30652;7917;265;108666;108719
10;498.896;91.1;752.7408;NoFlyEvasion;568.5121;91.1;643.043;NoFlyEvasion;2180.197;0;-967.5153;Ground;237.60;Transit;19;2.69;108730;74261;30652;7917;266;108719;108666
10;-1427.77;50.2;-645.4769;NoFlyEvasion;-1383.346;50.2;-591.7775;NoFlyEvasion;-378.6445;0;104.9814;Ground;50.40;Transit;2;2.70;109488;74814;30874;7972;267;109427;109459
10;-1429.453;50.9;-647.5104;NoFlyEvasion;-1383.346;50.9;-591.7775;NoFlyEvasion;1270.688;0;2288.773;Ground;50.40;Transit;6;2.78;109488;74814;30874;7972;268;109459;109427
10;-1459.418;52.5;-683.7328;NoFlyEvasion;-1383.346;52.5;-591.7775;NoFlyEvasion;-473.6023;0;683.6819;Ground;50.40;Transit;3;2.62;111496;76268;31465;8120;269;111464;111488
10;-1460.591;52.6;-685.1507;NoFlyEvasion;-1383.346;52.6;-591.7775;NoFlyEvasion;-349.4551;0;184.8132;Ground;50.40;Transit;19;1.38;111496;76268;31465;8120;270;111488;111464
10;534.8649;101.1;1308.162;NoFlyEvasion;527.1765;101.1;1300.063;NoFlyEvasion;312.4087;0;-2148.654;Ground;313.51;Transit;7;1.97;111932;76575;31587;8144;271;111919;111923
10;534.6861;99.4;1309.141;NoFlyEvasion;527.1765;99.4;1300.063;NoFlyEvasion;928.101;0;-42.34912;Ground;309.60;Transit;11;2.00;111932;76575;31587;8144;272;111923;111919
10;1143.394;113.9;463.2122;NoFlyEvasion;1070.186;113.9;444.4156;NoFlyEvasion;-152.5522;0;307.2446;Ground;345.60;Transit;11;2.34;114528;78409;32327;8340;273;114513;114521
10;1144.567;114.9;463.5133;NoFlyEvasion;1070.186;114.9;444.4156;NoFlyEvasion;-2104.649;0;-698.1236;Ground;345.60;Transit;22;0.82;114528;78409;32327;8340;274;114521;114513
10;-1534.531;101.9;-1152.791;NoFlyEvasion;-1506.703;101.9;-1238.436;NoFlyEvasion;-1234.852;0;-2415.077;Ground;252.00;Transit;8;2.62;115062;78793;32487;8392;275;115039;115045
10;-1535.22;101.5;-1150.669;NoFlyEvasion;-1506.703;101.5;-1238.436;NoFlyEvasion;-1249.275;0;-2002.7;Ground;252.00;Transit;21;2.03;115062;78793;32487;8392;276;115045;115039
10;-860.7328;89.4;-457.5937;NoFlyEvasion;-860.7328;89.4;-457.5937;NoFlyEvasion;259.1658;0;-2077.631;Ground;180.00;Transit;6;1.84;117353;80377;33165;8549;277;117332;117340
10;-861.6574;88.1;-457.4769;NoFlyEvasion;-860.7328;88.1;-457.5937;NoFlyEvasion;685.4152;0;-1927.629;Ground;187.20;Transit;12;1.39;117353;80377;33165;8549;278;117340;117332
10;-49.97341;75.1;1387.107;Air;-1505.381;75.1;1976.471;Air;-1505.381;0;1976.471;Ground;157.95;Transit;11;2.32;118675;81323;33554;8658;279;118650;118673
10;-48.99235;74.2;1386.519;Air;-2332.687;74.2;2512.142;Air;-2332.687;0;2512.142;Ground;153.76;Transit;16;0.59;118675;81323;33554;8658;280;118673;118650
10;1428.306;75.3;1353.876;NoFlyEvasion;1383.347;75.3;1408.222;NoFlyEvasion;-918.4915;0;2010.805;Ground;129.60;Transit;6;1.07;120078;82390;34001;8772;281;120061;120071
10;1428.459;74.8;1353.69;NoFlyEvasion;1383.347;74.8;1408.222;NoFlyEvasion;-2152.878;0;2449.655;Ground;129.60;Transit;15;0.13;120078;82390;34001;8772;282;120071;120061
10;-518.0742;105.6;-1277.479;NoFlyEvasion;-568.5132;105.6;-1356.958;NoFlyEvasion;-1428.869;0;-2178.604;Ground;302.40;Transit;8;1.85;120499;82695;34128;8817;283;120459;120493
10;-517.1416;105.8;-1276.01;NoFlyEvasion;-568.5132;105.8;-1356.958;NoFlyEvasion;-1231.112;0;-2207.135;Ground;302.40;Transit;25;1.94;120499;82695;34128;8817;284;120493;120459
10;-1555.861;66.4;-1013.063;NoFlyEvasion;-1558.895;66.4;-964.837;NoFlyEvasion;-2230.18;0;836.3563;Ground;93.60;Transit;7;0.88;121076;83083;34281;8866;285;121056;121060
10;-1555.817;66.7;-1013.762;NoFlyEvasion;-1558.895;66.7;-964.837;NoFlyEvasion;-2552.082;0;942.2645;Ground;93.60;Transit;9;0.64;121076;83083;34281;8866;286;121060;121056
10;871.9188;86.7;459.2805;NoFlyEvasion;929.8126;86.7;444.4159;NoFlyEvasion;2044.313;0;112.8833;Ground;194.40;Transit;4;1.45;121884;83666;34510;8934;287;121829;121867
10;870.2224;87.5;459.7161;NoFlyEvasion;929.8126;87.5;444.4159;NoFlyEvasion;2322.314;0;-113.2842;Ground;194.40;Transit;19;2.51;121884;83666;34510;8934;288;121867;121829
10;-443.5972;106.2;-1004.45;NoFlyEvasion;-449.9193;106.2;-1104.934;NoFlyEvasion;-1022.871;0;-2061.965;Ground;273.60;Transit;9;2.45;122994;84484;34854;9019;289;122954;122955
10;-443.6682;108.1;-1005.578;NoFlyEvasion;-449.9193;108.1;-1104.934;NoFlyEvasion;-1289.325;0;-2076.432;Ground;273.60;Transit;2;2.02;122994;84484;34854;9019;290;122955;122954
10;455.3334;100.8;1109.75;NoFlyEvasion;441.1051;100.8;1035.163;NoFlyEvasion;658.8516;0;-1857.739;Ground;280.80;Transit;6;1.47;123990;85222;35141;9097;291;123962;123983
10;455.4948;100.5;1110.596;NoFlyEvasion;441.1051;100.5;1035.163;NoFlyEvasion;657.0781;0;-399.7625;Ground;280.80;Transit;17;0.41;123990;85222;35141;9097;292;123983;123962
10;1335.355;52.2;552.7686;NoFlyEvasion;1431.487;52.2;643.0418;NoFlyEvasion;2236.292;0;2061.22;Ground;43.20;Transit;2;2.04;124499;85626;35306;9137;293;124426;124494
10;1333.897;52.5;551.3995;NoFlyEvasion;1431.487;52.5;643.0418;NoFlyEvasion;2110.232;0;2099.719;Ground;43.20;Transit;26;2.05;124499;85626;35306;9137;294;124494;124426
