Simulation Mode;Density target;currentPosition X;currentPosition Y;currentPosition Z;currentPosition Type;nextPosition X;nextPosition Y;nextPosition Z;nextPosition Type;targetPosition X;targetPosition Y;targetPosition Z;targetPosition Type;Heading angle;flightState;localCollisions;currentPathStep;currentStepPercentage;flightSpeed;aircraftDiameter;Flight count;Far collisions;Medium collisions;Close collisions;Spot on collisions
Polygons;10;-391.2267;93.7;-2051.371;Air;2560.185;93.7;-1658.29;Air;2560.185;0;-1658.29;Ground;7.59;Transit;1 1 1 1;1;25;4;0.73;4121;3507;1406;395;1;1.389205;1.358824;4097;4112
Polygons;10;-390.2293;92.8;-2051.574;Air;-1993.049;92.8;-2471.136;Air;-1993.049;0;-2471.136;Ground;345.33;Transit;1 1 1 1;1;0;1;2.04;4121;3507;1406;395;2;1.389205;1.358824;4112;4097
Polygons;10;495.44;119.8;758.1867;NoFlyEvasion;568.5121;119.8;643.043;NoFlyEvasion;1929.927;0;411.6401;Ground;237.60;Transit;1 1 1 1;4;0;10;1.19;5859;4943;1972;534;3;1.53169;1.364473;5841;5847
Polygons;10;496.0676;119.1;757.1978;NoFlyEvasion;493.2967;119.1;761.564;NoFlyEvasion;125.9973;0;2509.774;Ground;122.40;Transit;1 1 1 1;6;92;13;1.87;5859;4943;1972;534;4;1.53169;1.364473;5847;5841
Polygons;10;-1543.31;52.5;-883.1373;NoFlyEvasion;-1558.895;52.5;-964.837;NoFlyEvasion;-1457.628;0;-2043.941;Ground;280.80;Transit;1 1 1 1;4;39;11;0.62;8188;6869;2772;731;5;0.4692088;0.4222024;8171;8177
Polygons;10;-1543.38;52.7;-883.5026;NoFlyEvasion;-1532.592;52.7;-826.9503;NoFlyEvasion;-1188.173;0;612.5054;Ground;79.20;Transit;1 1 1 1;5;57;9;0.32;8188;6869;2772;731;6;0.4692088;0.4222024;8177;8171
Polygons;10;618.804;97.8;-732.5142;Air;-918.0993;97.8;116.1813;Air;-918.0993;0;116.1813;Ground;151.09;Transit;1 1 1 1;1;48;3;2.05;10585;8740;3520;924;7;2.074219;2.064222;10536;10572
Polygons;10;619.0747;96.2;-733.79;Air;-1974.397;96.2;1110.014;Air;-1974.397;0;1110.014;Ground;144.59;Transit;1 1 1 1;1;38;14;2.10;10585;8740;3520;924;8;2.074219;2.064222;10572;10536
Polygons;10;-252.5286;40.6;-1883.098;Air;6.737305;40.6;-1576.146;Air;6.737305;0;-1576.146;Ground;49.81;Transit;1 1 0 1;1;11;1;0.34;11329;9403;3801;998;9;1.649627;1.643979;11321;11324
Polygons;10;-253.3759;40.2;-1881.747;Air;1207.235;40.2;-1259.222;Air;1207.235;0;-1259.222;Ground;23.08;Transit;1 1 1 1;1;39;20;2.95;11329;9403;3801;998;10;1.649627;1.643979;11324;11321
Polygons;10;-548.9694;63.8;-673.5939;NoFlyEvasion;-616.653;63.8;-591.7782;NoFlyEvasion;-2144.759;0;717.5124;Ground;129.60;Transit;1 1 1 1;6;18;13;1.09;12379;10324;4185;1094;11;0.8897697;0.8386979;12363;12366
Polygons;10;-549.1299;63;-673.3998;NoFlyEvasion;-527.1759;63;-699.9377;NoFlyEvasion;859.2724;0;-1990.182;Ground;230.40;Transit;1 1 1 1;5;70;11;0.69;12379;10324;4185;1094;12;0.8897697;0.8386979;12366;12363
Polygons;10;-1188.359;63.8;-477.0306;NoFlyEvasion;-1269.782;63.8;-509.2682;NoFlyEvasion;-2523.975;0;614.9519;Ground;338.40;Transit;1 0 1 1;12;35;5;0.27;13601;11371;4612;1195;13;1.453555;1.389706;13546;13554
Polygons;10;-1189.597;64.2;-477.5206;NoFlyEvasion;-1139.266;64.2;-457.5934;NoFlyEvasion;-1133.226;0;1703.346;Ground;21.60;Transit;1 0 1 1;13;59;4;2.64;13601;11371;4612;1195;14;1.453555;1.389706;13554;13546
Polygons;10;-1418.036;85.3;-633.7096;NoFlyEvasion;-1472.824;85.3;-699.9368;NoFlyEvasion;-926.3625;0;-2183.133;Ground;309.60;Transit;1 1 1 1;5;38;2;1.83;14036;11731;4747;1227;15;1.507261;1.494643;13958;13980
Polygons;10;-1418.877;86;-634.7271;NoFlyEvasion;-1383.346;86;-591.7775;NoFlyEvasion;-1620.777;0;310.4142;Ground;50.40;Transit;1 1 1 1;11;59;3;1.19;14036;11731;4747;1227;16;1.507261;1.494643;13980;13958
Polygons;10;339.8374;64.7;-1075.805;Air;1212.716;64.7;-1629.39;Air;1212.716;0;-1629.39;Ground;212.38;Transit;1 1 1 1;1;75;8;2.97;14734;12277;4988;1298;17;2.659359;2.652024;14699;14725
Polygons;10;338.8489;63.6;-1078.007;Air;-2071.239;63.6;2701.125;Air;-2071.239;0;2701.125;Ground;122.53;Transit;1 1 1 1;1;26;17;2.35;14734;12277;4988;1298;18;2.659359;2.652024;14725;14699
Polygons;10;-506.619;87.4;-743.6237;NoFlyEvasion;-467.4081;87.4;-826.9514;NoFlyEvasion;218.4402;0;-1408.327;Ground;244.80;Transit;0 0 1 1;7;34;2;0.46;14983;12497;5064;1322;19;1.703856;1.656532;14925;14948
Polygons;10;-506.0268;86.5;-744.882;NoFlyEvasion;-527.1759;86.5;-699.9377;NoFlyEvasion;-1426.973;0;-65.20972;Ground;115.20;Transit;1 1 1 1;4;64;5;2.95;14983;12497;5064;1322;20;1.703856;1.656532;14948;14925
Polygons;10;742.7947;58.8;507.3932;NoFlyEvasion;793.8496;58.8;479.3254;NoFlyEvasion;2479.089;0;832.2016;Ground;208.80;Transit;1 0 1 1;3;57;3;0.57;17517;14406;5826;1505;21;1.474529;1.438313;17457;17511
Polygons;10;744.0054;58.4;506.7276;NoFlyEvasion;670.8398;58.4;546.9508;NoFlyEvasion;621.76;0;2246.026;Ground;151.20;Transit;1 1 1 1;5;34;24;2.37;17517;14406;5826;1505;22;1.474529;1.438313;17511;17457
Polygons;10;-1073.435;59.5;-1554.721;NoFlyEvasion;-1173.576;59.5;-1528.116;NoFlyEvasion;-1869.209;0;-1600.33;Ground;165.12;Transit;1 1 1 1;5;0;16;2.99;18852;15458;6263;1622;23;2.634487;2.509494;18836;18839
Polygons;10;-1075.855;59.2;-1554.129;NoFlyEvasion;-1070.187;59.2;-1555.584;NoFlyEvasion;1355.906;0;-1967.115;Ground;194.40;Transit;1 1 1 1;8;94;12;2.28;18852;15458;6263;1622;24;2.634487;2.509494;18839;18836
Polygons;10;-568.5132;78.3;317.3931;Air;815.2175;78.3;-1636.593;Air;815.2175;0;-1636.593;Ground;234.70;Transit;1 1 1 1;1;39;5;1.68;19188;15718;6379;1658;25;2.122514;2.082137;19160;19164
Polygons;10;-569.2576;80.24002;317.2607;Ground;-569.2576;0;317.2607;Ground;-569.2576;0;317.2607;Ground;270.00;Transit;1 1 1 1;2;22;12;2.56;19188;15718;6379;1658;26;2.122514;2.082137;19164;19160
Polygons;10;-1523.594;88.4;-807.83;NoFlyEvasion;-1532.592;88.4;-826.9503;NoFlyEvasion;-906.8676;0;-2121.744;Ground;295.20;Transit;1 1 1 1;4;78;11;1.76;20297;16637;6780;1750;27;0.938499;0.8970516;20280;20281
Polygons;10;-1523.974;88.3;-808.6366;NoFlyEvasion;-1472.824;88.3;-699.9368;NoFlyEvasion;-840.7947;0;168.014;Ground;64.80;Transit;1 1 1 1;8;7;11;0.11;20297;16637;6780;1750;28;0.938499;0.8970516;20281;20280
Polygons;10;-726.8552;44;431.812;Air;-1872.386;44;1677.331;Air;-1872.386;0;1677.331;Ground;132.61;Transit;1 1 1 1;1;64;4;0.36;23643;19526;7937;2089;29;1.388928;1.364179;23576;23642
Polygons;10;-727.5449;43.4;432.8246;Air;1871.256;43.4;-1369.827;Air;1871.256;0;-1369.827;Ground;214.75;Transit;2 1 1 1;1;0;11;2.42;23643;19526;7937;2089;30;1.388928;1.364179;23642;23576
Polygons;10;-935.1805;86.5;-448.1887;NoFlyEvasion;-999.9999;86.5;-440;NoFlyEvasion;-1761.238;0;-27.02538;Ground;172.80;Transit;0 0 1 1;10;52;2;2.08;25973;21521;8768;2336;31;2.209302;2.170391;25865;25964
Polygons;10;-937.2188;87.2;-447.9312;NoFlyEvasion;-860.7328;87.2;-457.5937;NoFlyEvasion;676.3162;0;-2237.262;Ground;187.20;Transit;1 1 1 1;3;39;14;2.34;25973;21521;8768;2336;32;2.209302;2.170391;25964;25865
Polygons;10;-730.5251;44.9;-509.1468;NoFlyEvasion;-730.2172;44.9;-509.2687;NoFlyEvasion;1414.734;0;-1253.567;Ground;201.60;Transit;2 2 2 1;9;94;12;2.82;27866;23176;9466;2513;33;2.232331;2.212939;27851;27852
Polygons;10;-728.881;43.9;-510.2395;NoFlyEvasion;-730.2172;43.9;-509.2687;NoFlyEvasion;-2664.945;0;-400.7483;Ground;144.00;Transit;2 2 2 1;6;91;16;1.65;27866;23176;9466;2513;34;2.232331;2.212939;27852;27851
Polygons;10;-511.3538;113.6;-733.5616;NoFlyEvasion;-467.4081;113.6;-826.9514;NoFlyEvasion;-1038.258;0;-2049.89;Ground;244.80;Transit;1 1 1 1;6;25;4;1.27;31251;26094;10628;2803;35;1.235202;1.196635;31195;31236
Polygons;10;-511.767;114.3;-732.6834;NoFlyEvasion;-467.4081;114.3;-826.9514;NoFlyEvasion;1117.13;0;-2495.34;Ground;244.80;Transit;1 1 1 1;9;23;11;1.20;31251;26094;10628;2803;36;1.235202;1.196635;31236;31195
Polygons;10;1561.344;90.5;-1347.366;Air;1628.973;90.5;-1406.182;Air;1628.973;0;-1406.182;Ground;221.01;Transit;1 1 1 1;1;96;11;1.95;31740;26550;10834;2864;37;1.857559;1.842235;31717;31731
Polygons;10;1561.957;91.6;-1348.711;Air;-584.1904;91.6;1140.16;Air;-584.1904;0;1140.16;Ground;130.77;Transit;1 1 1 1;1;13;6;1.77;31740;26550;10834;2864;38;1.857559;1.842235;31731;31717
Polygons;10;-797.7064;102.7;1295.453;Air;-1894.086;102.7;944.5946;Air;-1894.086;0;944.5946;Ground;342.25;Transit;1 0 1 1;1;11;2;2.79;35135;29312;11925;3124;39;2.33173;2.298334;35123;35125
Polygons;10;-796.9587;103.7;1297.382;Air;-880.2507;103.7;-356.4845;Air;-974.4092;0;-2226.117;Ground;272.88;Transit;1 1 1 1;1;43;13;1.88;35135;29312;11925;3124;40;2.33173;2.298334;35125;35123
Polygons;10;446.3117;104.2;952.4051;NoFlyEvasion;449.9191;104.2;895.0668;NoFlyEvasion;2021.932;0;-1992.198;Ground;266.40;Transit;1 1 1 1;4;57;3;1.05;36015;30084;12227;3192;41;1.148317;1.124794;35959;35996
Polygons;10;446.3777;104.6;951.3559;NoFlyEvasion;441.1051;104.6;1035.163;NoFlyEvasion;1956.32;0;1394.979;Ground;93.60;Transit;1 1 1 1;3;35;10;1.25;36015;30084;12227;3192;42;1.148317;1.124794;35996;35959
Polygons;10;1173.535;73.5;-1033.432;Air;867.0239;73.5;-1428.879;Air;867.0239;0;-1428.879;Ground;307.78;Transit;1 0 1 1;1;66;3;2.75;37555;31415;12724;3322;43;2.596662;2.582183;37524;37551
Polygons;10;1175.874;72.8;-1034.271;Air;-1918.454;72.8;152.7063;Air;-1918.454;0;152.7063;Ground;159.01;Transit;4 2 1 1;1;20;24;2.44;37555;31415;12724;3322;44;2.596662;2.582183;37551;37524
Polygons;10;-1189.442;87.1;-1524.965;NoFlyEvasion;-1206.15;87.1;-1520.675;NoFlyEvasion;-2598.735;0;-834.6284;Ground;165.60;Transit;1 1 1 1;8;85;4;0.55;37697;31538;12792;3339;45;0.9247609;0.9031289;37635;37672
Polygons;10;-1189.994;87.8;-1524.823;NoFlyEvasion;-1070.187;87.8;-1555.584;NoFlyEvasion;2239.116;0;-2030.548;Ground;194.40;Transit;1 1 1 1;8;8;6;1.30;37697;31538;12792;3339;46;0.9247609;0.9031289;37672;37635
Polygons;10;1481.641;80.4;722.4406;Air;-4.722412;80.4;-2553.542;Air;-4.722412;0;-2553.542;Ground;294.40;Transit;1 1 1 1;1;22;5;2.00;37936;31740;12881;3363;47;2.337972;2.332981;37916;37929
Polygons;10;1483.024;79.9;724.2518;NoFlyEvasion;1431.487;79.9;643.0418;NoFlyEvasion;-1143.561;0;1655.149;Ground;302.40;Transit;1 1 1 1;3;25;9;2.68;37936;31740;12881;3363;48;2.337972;2.332981;37929;37916
Polygons;10;-1424.308;96.9;-641.2915;NoFlyEvasion;-1472.824;96.9;-699.9368;NoFlyEvasion;-1050.092;0;-2720.801;Ground;309.60;Transit;1 1 1 1;5;44;3;1.86;38361;32060;13005;3418;49;1.505497;1.374411;38277;38353
Polygons;10;-1423.453;97.2;-640.2581;NoFlyEvasion;-1472.824;97.2;-699.9368;NoFlyEvasion;-958.6667;0;-2528.593;Ground;309.60;Transit;1 1 1 1;3;37;26;1.15;38361;32060;13005;3418;50;1.505497;1.374411;38353;38277
Polygons;10;1420.995;58.54;-2349.152;Ground;1420.995;0;-2349.152;Ground;1420.995;0;-2349.152;Ground;270.00;Transit;2 2 1 1;2;0;14;1.07;38630;32272;13105;3441;51;1.674038;1.580636;38601;38624
Polygons;10;1420.708;57.5;-2350.307;Air;1119.477;57.5;-2048.284;Air;1119.477;0;-2048.284;Ground;134.92;Transit;1 1 1 1;1;44;6;2.28;38630;32272;13105;3441;52;1.674038;1.580636;38624;38601
Polygons;10;-1180.085;48.7;827.6172;Air;-1138.562;48.7;1144.039;Air;-1138.562;0;1144.039;Ground;82.52;Transit;1 1 1 1;1;52;1;2.98;38756;32354;13150;3455;53;2.289304;2.278065;38722;38745
Polygons;10;-1179.198;49.5;825.6775;Air;-1129.839;49.5;2179.931;Air;-1129.839;0;2179.931;Ground;87.91;Transit;1 1 1 1;1;19;3;1.60;38756;32354;13150;3455;54;2.289304;2.278065;38745;38722
Polygons;10;265.2167;85.8;-1650.627;Air;29.79053;85.8;-1151.501;Air;29.79053;0;-1151.501;Ground;115.25;Transit;0 0 1 1;1;47;1;0.28;39885;33279;13548;3537;55;1.197194;1.176837;39836;39856
Polygons;10;265.0167;85.6;-1649.485;Air;-629.3328;85.6;-2730.872;Air;-629.3328;0;-2730.872;Ground;309.59;Transit;1 0 1 1;1;47;4;2.11;39885;33279;13548;3537;56;1.197194;1.176837;39856;39836
Polygons;10;-1022.244;63.9;-442.8101;NoFlyEvasion;-999.9999;63.9;-440;NoFlyEvasion;1123.462;0;-2248.233;Ground;7.20;Transit;1 1 1 1;3;79;7;2.59;39968;33351;13580;3546;57;1.673317;1.610851;39949;39956
Polygons;10;-1023.188;62.6;-442.9294;NoFlyEvasion;-999.9999;62.6;-440;NoFlyEvasion;2009.745;0;1543.094;Ground;7.20;Transit;1 1 1 1;10;71;20;0.75;39968;33351;13580;3546;58;1.673317;1.610851;39956;39949
Polygons;10;1551.814;117.3;922.6113;NoFlyEvasion;1558.895;117.3;1035.162;NoFlyEvasion;933.6855;0;2025.848;Ground;86.40;Transit;1 1 1 1;7;17;4;2.10;40421;33720;13724;3580;59;1.298656;1.237219;40344;40374
Polygons;10;1551.887;117.7;923.7798;NoFlyEvasion;1550.081;117.7;895.0656;NoFlyEvasion;1938.499;0;72.21436;Ground;273.60;Transit;1 0 1 1;11;76;4;0.50;40421;33720;13724;3580;60;1.298656;1.237219;40374;40344
Polygons;10;-1334.097;103.4;-1448.414;NoFlyEvasion;-1329.16;103.4;-1453.049;NoFlyEvasion;-1444.394;0;-2272.372;Ground;223.20;Transit;1 1 1 1;11;94;4;2.22;41756;34823;14195;3700;61;1.731318;1.682208;41690;41736
Polygons;10;-1332.951;102.8;-1449.49;NoFlyEvasion;-1431.488;102.8;-1356.957;NoFlyEvasion;-2054.376;0;-825.9273;Ground;136.80;Transit;1 1 1 1;10;0;13;1.24;41756;34823;14195;3700;62;1.731318;1.682208;41736;41690
Polygons;10;-1554.358;85.1;-941.0546;NoFlyEvasion;-1558.895;85.1;-964.837;NoFlyEvasion;-1190.88;0;-2255.334;Ground;280.80;Transit;1 1 1 1;6;79;8;0.95;42002;35027;14276;3716;63;1.835355;1.776133;41972;41994
Polygons;10;-1554.645;86;-942.5587;NoFlyEvasion;-1532.592;86;-826.9503;NoFlyEvasion;-193.0618;0;1012.84;Ground;79.20;Transit;1 1 1 1;4;12;9;2.72;42002;35027;14276;3716;64;1.835355;1.776133;41994;41972
Polygons;10;-1043.89;82.9;40.75833;Air;1508.669;82.9;-2495.526;Air;1508.669;0;-2495.526;Ground;224.82;Transit;1 1 1 1;1;30;6;2.75;43662;36480;14869;3861;65;2.490795;2.433504;43639;43646
Polygons;10;-1042.73;81.8;38.92351;Air;-1642.843;81.8;674.7519;Air;-1642.843;0;674.7519;Ground;133.34;Transit;1 1 1 1;1;74;14;2.23;43662;36480;14869;3861;66;2.490795;2.433504;43646;43639
Polygons;10;-1556.027;45.1;-1010.427;NoFlyEvasion;-1550.081;45.1;-1104.933;NoFlyEvasion;-1268.93;0;-2164.211;Ground;266.40;Transit;1 1 1 1;5;31;4;2.63;43868;36616;14914;3875;67;2.730608;2.559799;43810;43858
Polygons;10;-1555.866;44.9;-1012.974;NoFlyEvasion;-1558.895;44.9;-964.837;NoFlyEvasion;-440.1199;0;1529.462;Ground;93.60;Transit;2 2 1 1;5;60;17;2.83;43868;36616;14914;3875;68;2.730608;2.559799;43858;43810
Polygons;10;-284.6856;95;1007.925;Air;2428.914;95;-1083.514;Air;2428.914;0;-1083.514;Ground;217.62;Transit;1 1 1 1;1;28;8;1.69;44306;37006;15073;3927;69;1.962608;1.908567;44290;44298
Polygons;10;-284.582;94.4;1006.116;Air;-1222.242;94.4;1508.532;Air;-1222.242;0;1508.532;Ground;151.82;Transit;1 1 1 1;1;68;28;2.23;44306;37006;15073;3927;70;1.962608;1.908567;44298;44290
Polygons;10;-1452.685;86.3;-1323.555;NoFlyEvasion;-1506.703;86.3;-1238.436;NoFlyEvasion;-1615.633;0;940.6978;Ground;122.40;Transit;1 1 1 1;5;25;4;2.04;45160;37747;15382;4004;71;2.019863;2.018654;45133;45138
Polygons;10;-1453.051;88.2;-1322.979;NoFlyEvasion;-1431.488;88.2;-1356.957;NoFlyEvasion;-1104.912;0;-2085.044;Ground;237.60;Transit;1 1 1 1;9;60;17;2.00;45160;37747;15382;4004;72;2.019863;2.018654;45138;45133
Polygons;10;-890.0931;114.8;1510.879;Air;-894.9271;114.8;1516.761;Air;-894.9271;0;1516.761;Ground;129.42;Transit;1 1 1 1;1;99;11;2.65;45205;37796;15400;4009;73;2.068619;1.988482;45169;45192
Polygons;10;-890.528;115.7;1512.598;Air;1841.722;115.7;-1693.302;Air;1841.722;0;-1693.302;Ground;229.56;Transit;1 0 1 1;1;12;5;1.48;45205;37796;15400;4009;74;2.068619;1.988482;45192;45169
Polygons;10;-1493.104;69.2;-743.0338;NoFlyEvasion;-1532.592;69.2;-826.9503;NoFlyEvasion;-1777.105;0;-2523.783;Ground;295.20;Transit;1 1 1 1;6;31;11;2.82;46714;39037;15947;4165;75;2.114338;2.111263;46685;46691
Polygons;10;-1493.998;69;-744.9355;NoFlyEvasion;-1472.824;69;-699.9368;NoFlyEvasion;-1884.594;0;823.5101;Ground;64.80;Transit;1 1 1 1;10;62;8;1.41;46714;39037;15947;4165;76;2.114338;2.111263;46691;46685
Polygons;10;762.1836;91.1;1503.388;NoFlyEvasion;860.7337;91.1;1542.407;NoFlyEvasion;1915.703;0;2291.778;Ground;21.60;Transit;1 1 1 1;21;19;9;1.18;46737;39054;15955;4170;77;1.320481;1.232608;46693;46731
Polygons;10;763.3297;91.1;1503.842;NoFlyEvasion;730.2179;91.1;1490.732;NoFlyEvasion;1373.895;0;-2346.495;Ground;338.40;Transit;1 1 1 1;3;64;18;1.47;46737;39054;15955;4170;78;1.320481;1.232608;46731;46693
Polygons;10;1031.27;89;-839.4885;Air;-428.0959;89;1405.09;Air;-428.0959;0;1405.09;Ground;123.03;Transit;1 1 1 1;1;38;7;1.67;47867;39923;16301;4261;79;2.281295;2.273595;47845;47862
Polygons;10;1032.881;89.1;-841.0891;Air;-787.2739;89.1;314.8136;Air;-787.2739;0;314.8136;Ground;147.58;Transit;1 1 1 1;1;29;20;2.89;47867;39923;16301;4261;80;2.281295;2.273595;47862;47845
Polygons;10;-443.574;92.2;-1004.081;NoFlyEvasion;-449.9193;92.2;-1104.934;NoFlyEvasion;-1415.445;0;-2709.99;Ground;273.60;Transit;1 0 1 1;6;25;4;1.75;48315;40363;16494;4322;81;1.805617;1.733719;48266;48295
Polygons;10;-443.6827;92.1;-1005.809;NoFlyEvasion;-441.105;92.1;-964.8382;NoFlyEvasion;-1560.325;0;2018.474;Ground;86.40;Transit;1 0 1 1;3;68;4;1.86;48315;40363;16494;4322;82;1.805617;1.733719;48295;48266
Polygons;10;1319.092;46.8;-1428.459;Air;1396.034;46.8;-2016.416;Air;1396.034;0;-2016.416;Ground;262.54;Transit;0 0 1 1;1;34;2;2.73;49947;41769;17088;4474;83;2.109036;2.100892;49931;49935
Polygons;10;1320.293;48.5;-1428.742;Air;-513.0005;48.5;1678.131;Air;-513.0005;0;1678.131;Ground;120.54;Transit;1 1 1 1;1;19;7;1.49;49947;41769;17088;4474;84;2.109036;2.100892;49935;49931
Polygons;10;-1511.677;65.4;-782.5045;NoFlyEvasion;-1472.824;65.4;-699.9368;NoFlyEvasion;-379.9836;0;1043.57;Ground;64.80;Transit;1 0 1 1;5;34;4;1.34;52402;43799;17908;4689;85;1.360049;1.276533;52363;52395
Polygons;10;-1512.205;65.1;-783.6271;NoFlyEvasion;-1472.824;65.1;-699.9368;NoFlyEvasion;-1853.477;0;1791.958;Ground;64.80;Transit;2 2 1 1;8;29;21;1.38;52402;43799;17908;4689;86;1.360049;1.276533;52395;52363
Polygons;10;1942.605;82.7;-2170.037;Air;2112.757;82.7;-2168.221;Air;2112.757;0;-2168.221;Ground;0.61;Transit;1 1 1 1;1;94;7;2.68;54300;45440;18557;4847;87;2.836538;2.773776;54266;54297
Polygons;10;1944.763;82;-2171.633;Air;2067.431;82;-1473.292;Air;2067.431;0;-1473.292;Ground;80.04;Transit;1 1 1 1;1;27;12;3.00;54300;45440;18557;4847;88;2.836538;2.773776;54297;54266
Polygons;10;-1440.205;41.6;-660.5084;NoFlyEvasion;-1472.824;41.6;-699.9368;NoFlyEvasion;-1033.989;0;-2034.662;Ground;309.60;Transit;1 1 1 1;4;60;5;2.87;55118;46120;18822;4906;89;1.730141;1.666461;55073;55105
Polygons;10;-1441.003;40.5;-661.4729;NoFlyEvasion;-1383.346;40.5;-591.7775;NoFlyEvasion;-1911.424;0;730.4719;Ground;50.40;Transit;1 1 1 1;11;27;13;0.59;55118;46120;18822;4906;90;1.730141;1.666461;55105;55073
Polygons;10;1969.99;112.5;-8.208394;Air;2260.818;112.5;-14.98779;Air;2260.818;0;-14.98779;Ground;181.34;Transit;1 1 1 1;1;93;3;0.48;55967;46829;19117;4976;91;0.922348;0.8988205;55855;55953
Polygons;10;1969.45;113;-8.724375;Air;2416.464;113;770.8029;Air;2416.464;0;770.8029;Ground;60.17;Transit;1 1 1 1;1;67;12;1.37;55967;46829;19117;4976;92;0.922348;0.8988205;55953;55855
Polygons;10;1249.447;68;1498.783;NoFlyEvasion;1269.783;68;1490.731;NoFlyEvasion;2342.084;0;1827.005;Ground;201.60;Transit;1 1 1 1;9;78;10;1.18;56478;47231;19284;5021;93;1.577649;1.474867;56446;56473
Polygons;10;1250.815;67.9;1498.241;NoFlyEvasion;1139.267;67.9;1542.406;NoFlyEvasion;-978.0765;0;2469.86;Ground;158.40;Transit;1 1 1 1;7;0;24;1.98;56478;47231;19284;5021;94;1.577649;1.474867;56473;56446
Polygons;10;718.9736;63.6;-1910.4;Air;1150.307;63.6;-2500.9;Air;1150.307;0;-2500.9;Ground;233.85;Transit;1 1 1 1;1;81;7;1.68;57290;47928;19554;5095;95;2.256693;2.017262;57249;57289
Polygons;10;720.3732;64.5;-1911.541;Air;-400.0201;64.5;-901.548;Air;-1525.959;0;113.4442;Ground;137.97;Transit;1 1 1 1;1;1;20;2.83;57290;47928;19554;5095;96;2.256693;2.017262;57289;57249
Polygons;10;-1566.364;114.6;-1748.484;Air;-1826.906;114.6;-2374.249;Air;-1826.906;0;-2374.249;Ground;292.60;Transit;1 1 1 1;12;30;9;2.57;59435;49782;20322;5302;97;2.206017;2.1863;59405;59433
Polygons;10;-1564.357;114.6;-1749.352;Air;-1572.862;114.6;675.4337;Air;-1572.862;0;675.4337;Ground;90.20;Transit;1 1 1 1;1;8;28;1.84;59435;49782;20322;5302;98;2.206017;2.1863;59433;59405
Polygons;10;-1399.333;59.4;-611.1019;NoFlyEvasion;-1472.824;59.4;-699.9368;NoFlyEvasion;-1548.542;0;-2638.62;Ground;309.60;Transit;1 1 1 1;3;17;6;0.52;61484;51496;21021;5511;99;0.3431962;0.29087;61446;61473
Polygons;10;-1399.467;59.6;-611.2646;NoFlyEvasion;-1383.346;59.6;-591.7775;NoFlyEvasion;2374.133;0;-1083.328;Ground;50.40;Transit;1 1 1 1;3;81;6;0.16;61484;51496;21021;5511;100;0.3431962;0.29087;61473;61446
Polygons;10;984.9993;51.1;1558.105;NoFlyEvasion;860.7337;51.1;1542.407;NoFlyEvasion;385.7341;0;-287.0591;Ground;352.80;Transit;1 1 1 1;4;8;6;1.52;62497;52326;21377;5597;101;0.903028;0.9008921;62474;62492
Polygons;10;985.0391;52;1558.11;NoFlyEvasion;860.7337;52;1542.407;NoFlyEvasion;-1366.638;0;1125.83;Ground;352.80;Transit;2 2 1 1;3;0;29;0.29;62497;52326;21377;5597;102;0.903028;0.9008921;62492;62474
Polygons;10;-1669.813;58.4;990.176;Air;-670.8374;58.4;830.4541;Air;-670.8374;0;830.4541;Ground;189.08;Transit;0 0 2 1;1;29;1;1.12;62797;52647;21510;5628;103;0.7382418;0.7017115;62756;62790
Polygons;10;-1669.864;58.8;989.6017;Air;-1919.648;58.8;1305.203;Air;-1919.648;0;1305.203;Ground;128.36;Transit;1 1 1 1;1;66;11;0.36;62797;52647;21510;5628;104;0.7382418;0.7017115;62790;62756
Polygons;10;-1102.405;77.5;1381.969;Air;-1750.701;77.5;2158.381;Air;-1750.701;0;2158.381;Ground;129.86;Transit;2 1 1 1;1;83;18;1.58;63055;52882;21610;5660;105;1.6193;1.600842;63031;63049
Polygons;10;-1103.838;77.5;1382.683;Air;2471.222;77.5;-2288.256;Air;2471.222;0;-2288.256;Ground;225.76;Transit;1 1 1 1;1;9;9;1.66;63055;52882;21610;5660;106;1.6193;1.600842;63049;63031
Polygons;10;-449.6888;57.4;-1101.271;NoFlyEvasion;-449.9193;57.4;-1104.934;NoFlyEvasion;-164.6211;0;-2496.62;Ground;273.60;Transit;1 0 1 1;10;96;5;2.95;63641;53403;21822;5715;107;2.316658;2.315675;63573;63625
Polygons;10;-449.5456;57;-1098.995;NoFlyEvasion;-449.9193;57;-1104.934;NoFlyEvasion;408.3511;0;-2074.889;Ground;273.60;Transit;1 1 1 1;10;92;13;1.68;63641;53403;21822;5715;108;2.316658;2.315675;63625;63573
Polygons;10;-302.0811;96.5;389.9096;Air;1402.351;96.5;-1629.961;Air;1402.351;0;-1629.961;Ground;229.84;Transit;1 1 1 1;1;39;8;1.78;65252;54834;22396;5858;109;1.985125;1.950582;65232;65242
Polygons;10;-302.9588;95.5;391.3359;Air;784.0745;95.5;-2019.104;Air;784.0745;0;-2019.104;Ground;245.73;Transit;1 1 1 1;1;43;20;2.19;65252;54834;22396;5858;110;1.985125;1.950582;65242;65232
Polygons;10;792.876;96.7;479.8606;NoFlyEvasion;793.8496;96.7;479.3254;NoFlyEvasion;2368.59;0;-97.32764;Ground;208.80;Transit;1 1 1 1;8;94;11;2.43;70335;59235;24176;6360;111;2.221225;2.200978;70312;70324
Polygons;10;793.8496;94.8;479.3254;NoFlyEvasion;793.8496;94.8;479.3254;NoFlyEvasion;-104.7405;0;2514.013;Ground;180.00;Transit;1 1 1 1;3;99;20;2.01;70335;59235;24176;6360;112;2.221225;2.200978;70324;70312
Polygons;10;-722.6682;64.2;-514.7534;NoFlyEvasion;-730.2172;64.2;-509.2687;NoFlyEvasion;-2123.498;0;539.2682;Ground;144.00;Transit;1 1 1 1;5;89;9;1.65;72274;60732;24809;6533;113;2.260182;2.231086;72244;72263
Polygons;10;-722.9684;66.4;-514.5352;NoFlyEvasion;-616.653;66.4;-591.7782;NoFlyEvasion;-785.6465;0;-2366.444;Ground;216.00;Transit;1 1 1 1;5;0;16;2.87;72274;60732;24809;6533;114;2.260182;2.231086;72263;72244
Polygons;10;-1451.329;72.8;-673.9542;NoFlyEvasion;-1472.824;72.8;-699.9368;NoFlyEvasion;-1222.984;0;-2020.813;Ground;309.60;Transit;1 1 1 1;5;74;5;2.54;72342;60794;24838;6540;115;1.856386;1.811433;72286;72316
Polygons;10;-1452.439;72.3;-675.2957;NoFlyEvasion;-1383.346;72.3;-591.7775;NoFlyEvasion;-1772.34;0;1487.078;Ground;50.40;Transit;1 1 1 1;11;21;6;1.18;72342;60794;24838;6540;116;1.856386;1.811433;72316;72286
Polygons;10;-1140.701;52.3;-1537.479;NoFlyEvasion;-1206.15;52.3;-1520.675;NoFlyEvasion;-2037.937;0;2231.335;Ground;165.60;Transit;1 1 1 1;4;51;4;2.63;72731;61174;24995;6576;117;2.182878;2.166864;72700;72713
Polygons;10;-1142.611;53.2;-1536.989;NoFlyEvasion;-1070.187;53.2;-1555.584;NoFlyEvasion;1381.311;0;-1122.614;Ground;194.40;Transit;1 1 1 1;4;45;8;1.73;72731;61174;24995;6576;118;2.182878;2.166864;72713;72700
Polygons;10;-1337.714;70.3;1207.145;Air;-1226.851;70.3;1071.622;Air;-1226.851;0;1071.622;Ground;230.72;Transit;1 0 1 1;1;84;3;2.97;74702;62887;25680;6769;119;2.857506;2.789226;74672;74697
Polygons;10;-1337.623;71.4;1204.584;Air;-2221.24;71.4;1548.901;Air;-2221.24;0;1548.901;Ground;158.71;Transit;2 1 1 1;1;43;17;2.74;74702;62887;25680;6769;120;2.857506;2.789226;74697;74672
Polygons;10;-502.4411;54.3;-752.5022;NoFlyEvasion;-527.1759;54.3;-699.9377;NoFlyEvasion;-2188.169;0;1246.417;Ground;115.20;Transit;2 1 1 1;7;47;22;0.22;75122;63245;25839;6816;121;0.8267928;0.7458138;75113;75116
Polygons;10;-502.6767;53.8;-752.0015;NoFlyEvasion;-467.4081;53.8;-826.9514;NoFlyEvasion;1195.667;0;-2217.424;Ground;244.80;Transit;2 1 1 1;7;29;21;1.43;75122;63245;25839;6816;122;0.8267928;0.7458138;75116;75113
Polygons;10;-1033.407;64.5;334.1052;Air;-1321.255;64.5;1264.11;Air;-1321.255;0;1264.11;Ground;107.20;Transit;1 1 1 1;10;44;7;0.39;75165;63266;25851;6821;123;1.423557;1.402158;75129;75146
Polygons;10;-1033.278;65.7;333.3914;Air;-1021.508;65.7;481.6919;Air;-1021.508;0;481.6919;Ground;85.46;Transit;1 1 1 1;14;81;13;2.45;75165;63266;25851;6821;124;1.423557;1.402158;75146;75129
Polygons;10;-493.0144;106.5;-1240.125;NoFlyEvasion;-493.2973;106.5;-1238.437;NoFlyEvasion;-1722.766;0;880.8245;Ground;99.51;Transit;1 0 1 1;2;95;3;2.78;79119;66609;27174;7185;125;2.874574;2.867001;79094;79101
Polygons;10;-493.2973;104.2;-1238.437;NoFlyEvasion;-493.2973;104.2;-1238.437;NoFlyEvasion;-2708.935;0;-2103.986;Ground;180.00;Transit;1 1 1 1;4;99;10;2.96;79119;66609;27174;7185;126;2.874574;2.867001;79101;79094
Polygons;10;485.871;119.2;784.4179;NoFlyEvasion;449.9191;119.2;895.0668;NoFlyEvasion;576.9099;0;2713.696;Ground;108.00;Transit;1 1 1 1;4;12;9;1.64;79644;67075;27381;7242;127;1.454191;1.385311;79610;79633
Polygons;10;485.4718;119.7;785.6466;NoFlyEvasion;493.2967;119.7;761.564;NoFlyEvasion;1618.913;0;-375.4177;Ground;252.00;Transit;1 1 1 1;7;74;15;1.27;79644;67075;27381;7242;128;1.454191;1.385311;79633;79610
Polygons;10;-1358.322;53.8;-573.5965;NoFlyEvasion;-1383.346;53.8;-591.7775;NoFlyEvasion;-2375.222;0;-426.3037;Ground;324.00;Transit;1 1 1 1;9;74;8;2.84;80808;68022;27787;7370;129;2.908642;2.871819;80768;80794
Polygons;10;-1356.251;52.5;-572.0913;NoFlyEvasion;-1383.346;52.5;-591.7775;NoFlyEvasion;-1523.257;0;-2333.108;Ground;324.00;Transit;1 1 1 1;3;68;16;2.98;80808;68022;27787;7370;130;2.908642;2.871819;80794;80768
Polygons;10;-149.0824;47.7;188.5109;Air;-817.3615;47.7;673.108;Air;-817.3615;0;673.108;Ground;144.05;Transit;1 1 1 1;1;75;4;0.63;82101;69155;28218;7490;131;1.557219;1.51759;82045;82058
Polygons;10;-149.8875;48.6;189.4301;Air;-339.4866;48.6;-128.1973;Air;-339.4866;0;-128.1973;Ground;300.83;Transit;1 1 1 1;1;88;6;2.48;82101;69155;28218;7490;132;1.557219;1.51759;82058;82045
Polygons;10;-1443.783;55.8;1760.349;Air;-1361.73;55.8;1460.567;Air;-1361.73;0;1460.567;Ground;254.69;Transit;0 0 1 1;1;66;2;2.02;83041;69974;28560;7585;133;1.345687;1.302786;83012;83028
Polygons;10;-1442.857;56.5;1759.758;Air;-1488.076;56.5;1966.451;Air;-1488.076;0;1966.451;Ground;102.34;Transit;1 1 1 1;1;81;7;0.67;83041;69974;28560;7585;134;1.345687;1.302786;83028;83012
Polygons;10;1100.816;75.5;-813.7223;Air;1736.913;75.5;-1895.515;Air;1736.913;0;-1895.515;Ground;239.54;Transit;1 1 1 1;1;75;16;2.94;84773;71441;29144;7759;135;2.724122;2.638822;84752;84760
Polygons;10;1103.313;75.7;-814.5507;Air;-568.8096;75.7;985.7697;Air;-568.8096;0;985.7697;Ground;132.89;Transit;1 1 1 1;1;33;9;2.51;84773;71441;29144;7759;136;2.724122;2.638822;84760;84752
Polygons;10;527.0485;118.1;1299.791;NoFlyEvasion;527.1765;118.1;1300.063;NoFlyEvasion;373.2905;0;1845.763;Ground;64.80;Transit;1 1 1 1;11;99;7;0.36;85728;72253;29466;7846;137;0.9974575;0.9008199;85692;85718
Polygons;10;527.3491;117.4;1300.272;NoFlyEvasion;527.1765;117.4;1300.063;NoFlyEvasion;1394.748;0;-2396.966;Ground;309.60;Transit;1 1 1 1;4;99;10;1.63;85728;72253;29466;7846;138;0.9974575;0.9008199;85718;85692
Polygons;10;-1686.298;78.6;1463.305;Air;-980.1974;78.6;459.2343;Air;-980.1974;0;459.2343;Ground;234.88;Transit;1 0 1 1;1;54;3;0.11;87794;73906;30119;8030;139;1.448108;1.409755;87750;87787
Polygons;10;-1687.135;77.5;1463.027;Air;-1654.016;77.5;1521.884;Air;-1654.016;0;1521.884;Ground;60.63;Transit;1 1 1 1;1;88;9;2.78;87794;73906;30119;8030;140;1.448108;1.409755;87787;87750
Polygons;10;-456.8274;67.5;-1126.195;NoFlyEvasion;-449.9193;67.5;-1104.934;NoFlyEvasion;-1035.518;0;210.7731;Ground;72.00;Transit;1 1 1 1;6;83;3;1.03;88104;74161;30222;8054;141;0.8093065;0.7342228;88069;88098
Polygons;10;-456.9936;67;-1126.707;NoFlyEvasion;-449.9193;67;-1104.934;NoFlyEvasion;-862.8439;0;1247.633;Ground;72.00;Transit;1 1 1 1;7;78;22;0.59;88104;74161;30222;8054;142;0.8093065;0.7342228;88098;88069
Polygons;10;1321.638;48;-1553.947;Air;2085.426;48;-2382.218;Air;2085.426;0;-2382.218;Ground;227.32;Transit;1 1 1 1;1;79;9;2.12;88669;74667;30433;8119;143;1.371876;1.349777;88628;88644
Polygons;10;1322.28;49;-1554.587;Air;1939.888;49;-1485.762;Air;1939.888;0;-1485.762;Ground;6.36;Transit;1 1 1 1;1;46;2;0.62;88669;74667;30433;8119;144;1.371876;1.349777;88644;88628
Polygons;10;-636.7166;41.9;-577.201;NoFlyEvasion;-730.2172;41.9;-509.2687;NoFlyEvasion;-1469.423;0;1155.999;Ground;144.00;Transit;1 1 1 1;11;14;5;2.73;91171;76769;31331;8343;145;2.58576;2.576489;91140;91162
Polygons;10;-637.9243;44;-576.3236;NoFlyEvasion;-616.653;44;-591.7782;NoFlyEvasion;1314.829;0;-1971.214;Ground;216.00;Transit;1 1 1 1;4;65;23;2.44;91171;76769;31331;8343;146;2.58576;2.576489;91162;91140
Polygons;10;-512.4562;91.2;-731.2188;NoFlyEvasion;-527.1759;91.2;-699.9377;NoFlyEvasion;-2007.836;0;797.0114;Ground;115.20;Transit;1 1 1 1;5;74;5;2.05;91411;76986;31426;8362;147;2.198191;2.171311;91368;91396
Polygons;10;-513.3807;91.2;-729.2542;NoFlyEvasion;-467.4081;91.2;-826.9514;NoFlyEvasion;-100.1621;0;-2599.804;Ground;244.80;Transit;1 1 1 1;5;21;15;2.34;91411;76986;31426;8362;148;2.198191;2.171311;91396;91368
Polygons;10;1222.389;102.3;1509.496;NoFlyEvasion;1269.783;102.3;1490.731;NoFlyEvasion;2107.462;0;1152.678;Ground;201.60;Transit;1 1 1 1;6;56;20;1.40;91680;77210;31524;8392;149;2.091556;1.764851;91671;91672
Polygons;10;1223.852;101.5;1508.917;NoFlyEvasion;1139.267;101.5;1542.406;NoFlyEvasion;-1433.433;0;642.8961;Ground;158.40;Transit;1 1 1 1;3;28;20;2.79;91680;77210;31524;8392;150;2.091556;1.764851;91672;91671
Polygons;10;-668.1783;83.8;1297.838;Air;-261.5554;83.8;1162.093;Air;-261.5554;0;1162.093;Ground;198.46;Transit;1 0 1 1;1;74;3;2.35;92117;77529;31659;8441;151;1.973485;1.95373;92078;92107
Polygons;10;-669.7368;84.8;1298.461;Air;1386.842;84.8;2519.166;Air;1386.842;0;2519.166;Ground;30.69;Transit;1 1 1 1;1;29;10;1.59;92117;77529;31659;8441;152;1.973485;1.95373;92107;92078
Polygons;10;-442.8939;113.4;-955.4601;NoFlyEvasion;-441.105;113.4;-964.8382;NoFlyEvasion;-739.8621;0;-2118.222;Ground;259.20;Transit;1 1 1 1;5;91;3;2.46;93977;79080;32303;8605;153;1.731066;1.665878;93913;93964
Polygons;10;-442.5909;113;-957.0486;NoFlyEvasion;-467.4081;113;-826.9514;NoFlyEvasion;-1615.38;0;339.086;Ground;100.80;Transit;1 1 1 1;6;0;13;1.00;93977;79080;32303;8605;154;1.731066;1.665878;93964;93913
Polygons;10;-1835.258;75.6;1990.931;Air;-2306.457;75.6;2524.94;Air;-2306.457;0;2524.94;Ground;131.42;Transit;0 0 1 1;1;33;1;2.98;94443;79465;32474;8649;155;1.864593;1.835532;94406;94428
Polygons;10;-1834.066;75.8;1989.55;Air;-1917.351;75.8;2190.609;Air;-1917.351;0;2190.609;Ground;112.50;Transit;1 1 1 1;1;86;9;0.75;94443;79465;32474;8649;156;1.864593;1.835532;94428;94406
Polygons;10;-1392.196;91.5;-1393.854;NoFlyEvasion;-1329.16;91.5;-1453.049;NoFlyEvasion;-943.9744;0;-2098.029;Ground;223.20;Transit;1 1 1 1;11;29;14;1.15;95798;80554;32888;8764;157;1.929369;1.798415;95781;95793
Polygons;10;-1390.904;91.8;-1395.068;NoFlyEvasion;-1431.488;91.8;-1356.957;NoFlyEvasion;-1380.52;0;1027.331;Ground;136.80;Transit;1 1 1 1;4;47;22;2.71;95798;80554;32888;8764;158;1.929369;1.798415;95793;95781
Polygons;10;-1552.128;58.2;-1072.396;NoFlyEvasion;-1550.081;58.2;-1104.933;NoFlyEvasion;-832.3731;0;-2471.989;Ground;266.40;Transit;1 1 1 1;3;74;13;2.08;98194;82535;33721;8963;159;1.821477;1.807286;98183;98186
Polygons;10;-1552.181;56.6;-1071.557;NoFlyEvasion;-1550.081;56.6;-1104.933;NoFlyEvasion;-1275.936;0;-2033.495;Ground;266.40;Transit;1 1 1 1;7;72;17;1.56;98194;82535;33721;8963;160;1.821477;1.807286;98186;98183
Polygons;10;940.5267;80.1;1553.176;NoFlyEvasion;1000;80.1;1560;NoFlyEvasion;1938.154;0;1361.463;Ground;6.55;Transit;1 0 1 1;2;42;2;0.67;98495;82761;33805;8980;161;1.351199;1.327222;98408;98466
Polygons;10;940.0739;81.1;1552.43;NoFlyEvasion;1000;81.1;1560;NoFlyEvasion;2703.309;0;1286.337;Ground;7.20;Transit;1 1 1 1;8;54;11;2.03;98495;82761;33805;8980;162;1.351199;1.327222;98466;98408
Polygons;10;679.5947;48.3;542.1378;NoFlyEvasion;670.8398;48.3;546.9508;NoFlyEvasion;-479.9058;0;343.2417;Ground;151.20;Transit;1 1 1 1;12;89;6;2.86;99011;83179;33992;9036;163;2.873733;2.789212;98980;99004
Polygons;10;681.9362;47.5;540.8505;NoFlyEvasion;670.8398;47.5;546.9508;NoFlyEvasion;613.5247;0;2268.834;Ground;151.20;Transit;2 2 1 1;4;76;27;2.88;99011;83179;33992;9036;164;2.873733;2.789212;99004;98980
Polygons;10;1581.542;99.6;-1727.137;Air;1410.182;99.6;-2357.549;Air;1410.182;0;-2357.549;Ground;285.21;Transit;1 1 1 1;1;25;14;2.73;99983;83960;34311;9108;165;2.742825;2.686353;99980;99981
Polygons;10;1580.568;97.2;-1727.85;Air;621.6086;97.2;-85.19678;Air;621.6086;0;-85.19678;Ground;120.28;Transit;1 1 1 1;1;2;13;2.76;99983;83960;34311;9108;166;2.742825;2.686353;99981;99980
Polygons;10;-1522.092;74.9;-804.6372;NoFlyEvasion;-1472.824;74.9;-699.9368;NoFlyEvasion;-1492.972;0;1910.968;Ground;64.80;Transit;1 1 1 1;10;12;9;1.53;100003;83981;34318;9110;167;1.331864;1.20065;99986;99990
Polygons;10;-1521.61;74.5;-803.6129;NoFlyEvasion;-1532.592;74.5;-826.9503;NoFlyEvasion;-2066.763;0;-753.7949;Ground;295.20;Transit;1 1 1 1;13;72;17;1.13;100003;83981;34318;9110;168;1.331864;1.20065;99990;99986
Polygons;10;-484.184;97.5;-791.3007;NoFlyEvasion;-527.1759;97.5;-699.9377;NoFlyEvasion;-2042.567;0;174.7737;Ground;115.20;Transit;1 0 1 1;4;25;4;2.56;101605;85285;34869;9267;169;1.92302;1.821162;101556;101591
Polygons;10;-484.832;96.5;-789.9235;NoFlyEvasion;-467.4081;96.5;-826.9514;NoFlyEvasion;-902.6212;0;-2216.62;Ground;244.80;Transit;1 1 1 1;6;60;17;1.29;101605;85285;34869;9267;170;1.92302;1.821162;101591;101556
Polygons;10;677.2629;41.9;-69.60761;Air;7.860352;41.9;47.20752;Air;7.860352;0;47.20752;Ground;170.10;Transit;1 0 1 1;1;55;3;1.44;102184;85818;35078;9316;171;1.957934;1.819637;102159;102171
Polygons;10;677.955;40.8;-70.88126;Air;-1316.509;40.8;2396.84;Air;-1316.509;0;2396.84;Ground;128.95;Transit;1 1 1 1;1;48;20;2.48;102184;85818;35078;9316;172;1.957934;1.819637;102171;102159
Polygons;10;-522.996;105.2;-708.8206;NoFlyEvasion;-527.1759;105.2;-699.9377;NoFlyEvasion;-1951.66;0;-233.4714;Ground;115.20;Transit;1 1 1 1;4;91;3;1.67;102297;85963;35158;9333;173;2.301433;2.276974;102215;102229
Polygons;10;-523.957;105.5;-706.7783;NoFlyEvasion;-467.4081;105.5;-826.9514;NoFlyEvasion;-560.0061;0;-2324.775;Ground;244.80;Transit;1 0 1 1;6;4;3;2.93;102297;85963;35158;9333;174;2.301433;2.276974;102229;102215
Polygons;10;-596.9755;67.2;-615.5643;NoFlyEvasion;-527.1759;67.2;-699.9377;NoFlyEvasion;175.501;0;-2050.554;Ground;230.40;Transit;1 1 1 1;5;21;3;2.22;102805;86333;35306;9374;175;1.332322;1.204582;102741;102798
Polygons;10;-597.7407;67.3;-614.6393;NoFlyEvasion;-527.1759;67.3;-699.9377;NoFlyEvasion;1036.35;0;-1816.826;Ground;230.40;Transit;2 2 1 1;5;16;23;0.45;102805;86333;35306;9374;176;1.332322;1.204582;102798;102741
Polygons;10;-1510.294;98.9;-1227.385;NoFlyEvasion;-1550.081;98.9;-1104.933;NoFlyEvasion;-2129.132;0;500.2586;Ground;108.00;Transit;1 1 1 1;8;0;14;1.21;106574;89399;36555;9696;177;0.8560846;0.8558031;106564;106567
Polygons;10;-1510.446;98.2;-1226.917;NoFlyEvasion;-1506.703;98.2;-1238.436;NoFlyEvasion;121.9407;0;-2450.594;Ground;252.00;Transit;1 1 1 1;5;78;22;0.50;106574;89399;36555;9696;178;0.8560846;0.8558031;106567;106564
Polygons;10;-456.3167;80;-885.0948;NoFlyEvasion;-467.4081;80;-826.9514;NoFlyEvasion;-1179.156;0;245.5685;Ground;100.80;Transit;1 1 1 1;3;55;6;0.44;107683;90334;36957;9783;179;0.5882917;0.4665123;107665;107669
Polygons;10;-456.3957;80.2;-884.6808;NoFlyEvasion;-441.105;80.2;-964.8382;NoFlyEvasion;-2.414307;0;-2176.651;Ground;259.20;Transit;1 1 1 1;7;38;9;0.73;107683;90334;36957;9783;180;0.5882917;0.4665123;107669;107665
Polygons;10;-1433.101;57.9;-1354.415;NoFlyEvasion;-1431.488;57.9;-1356.957;NoFlyEvasion;-1108.936;0;-2222.926;Ground;237.60;Transit;1 1 1 1;10;96;8;2.79;109409;91774;37546;9932;181;1.95734;1.834317;109373;109399
Polygons;10;-1432.217;57.1;-1355.809;NoFlyEvasion;-1506.703;57.1;-1238.436;NoFlyEvasion;-722.1407;0;1089.551;Ground;122.40;Transit;1 1 1 1;5;0;8;1.13;109409;91774;37546;9932;182;1.95734;1.834317;109399;109373
Polygons;10;-1461.636;52.2;1375.88;Air;-1912.318;52.2;1161.932;Air;-1912.318;0;1161.932;Ground;334.61;Transit;1 0 1 1;1;27;1;2.29;109871;92160;37682;9973;183;1.813683;1.688351;109850;109868
Polygons;10;-1463.253;52.1;1375.407;Air;484.5748;52.1;706.5102;Air;1917.231;0;214.5271;Ground;198.95;Transit;1 1 1 1;1;18;19;1.34;109871;92160;37682;9973;184;1.813683;1.688351;109868;109850
Polygons;10;-1064.83;91.6;1588.287;Air;-1343.651;91.6;1495.986;Air;-1343.651;0;1495.986;Ground;341.68;Transit;1 1 1 1;1;92;10;2.76;110580;92833;37944;10052;185;2.110333;2.097363;110548;110566
Polygons;10;-1066.378;93;1588.489;Air;-848.8983;93;2673.316;Air;-848.8983;0;2673.316;Ground;78.66;Transit;1 1 1 1;1;54;9;1.46;110580;92833;37944;10052;186;2.110333;2.097363;110566;110548
Polygons;10;-1235.465;113.1;-1504.558;NoFlyEvasion;-1206.15;113.1;-1520.675;NoFlyEvasion;-951.2295;0;-2261.406;Ground;208.80;Transit;1 1 1 1;12;62;22;2.24;111405;93569;38239;10138;187;2.180612;1.876077;111388;111399
Polygons;10;-1233.859;112.7;-1505.442;NoFlyEvasion;-1329.16;112.7;-1453.049;NoFlyEvasion;-1025.482;0;2009.09;Ground;151.20;Transit;1 1 1 1;3;12;17;2.12;111405;93569;38239;10138;188;2.180612;1.876077;111399;111388
Polygons;10;46.67511;85.2;-341.1442;Air;-1200.396;85.2;1759.428;Air;-1200.396;0;1759.428;Ground;120.70;Transit;1 1 1 1;1;31;6;0.79;111482;93644;38282;10156;189;1.260563;1.146879;111465;111472
Polygons;10;46.82079;84.9;-342.2415;Air;-1627.933;84.9;1474.75;Air;-1627.933;0;1474.75;Ground;132.67;Transit;1 1 1 1;1;52;24;1.73;111482;93644;38282;10156;190;1.260563;1.146879;111472;111465
Polygons;10;-1421.536;89.9;-637.9404;NoFlyEvasion;-1383.346;89.9;-591.7775;NoFlyEvasion;2425.091;0;483.2822;Ground;50.40;Transit;1 1 1 1;5;55;6;2.96;111575;93722;38320;10166;191;2.709319;2.61281;111550;111552
Polygons;10;-1419.89;89.5;-635.951;NoFlyEvasion;-1472.824;89.5;-699.9368;NoFlyEvasion;-1806.723;0;-2282.46;Ground;309.60;Transit;1 1 1 1;5;37;13;2.46;111575;93722;38320;10166;192;2.709319;2.61281;111552;111550
Polygons;10;-1441.375;48.4;-1341.378;NoFlyEvasion;-1431.488;48.4;-1356.957;NoFlyEvasion;-824.1507;0;-2572.268;Ground;237.60;Transit;1 1 1 1;7;79;16;1.84;111766;93885;38394;10180;193;1.93104;1.869048;111746;111756
Polygons;10;-1442.34;48.9;-1339.857;NoFlyEvasion;-1431.488;48.9;-1356.957;NoFlyEvasion;-782.4926;0;-2077.35;Ground;237.60;Transit;1 1 1 1;7;74;26;2.02;111766;93885;38394;10180;194;1.93104;1.869048;111756;111746
Polygons;10;-642.5822;65.2;-572.9395;NoFlyEvasion;-730.2172;65.2;-509.2687;NoFlyEvasion;-876.7598;0;863.5715;Ground;144.00;Transit;1 1 1 1;10;21;5;1.47;112095;94203;38520;10216;195;1.113332;1.041318;112061;112069
Polygons;10;-643.4246;65.2;-572.3274;NoFlyEvasion;-616.653;65.2;-591.7782;NoFlyEvasion;1442.411;0;-2281.844;Ground;216.00;Transit;1 1 1 1;7;74;8;0.75;112095;94203;38520;10216;196;1.113332;1.041318;112069;112061
Polygons;10;1177.667;58.4;1527.203;NoFlyEvasion;1269.783;58.4;1490.731;NoFlyEvasion;2197.972;0;702.0898;Ground;201.60;Transit;1 1 1 1;6;24;7;2.42;112938;94905;38833;10305;197;1.556932;1.540441;112899;112930
Polygons;10;1178.757;57.4;1526.771;NoFlyEvasion;1139.267;57.4;1542.406;NoFlyEvasion;-714.3755;0;554.86;Ground;158.40;Transit;1 1 1 1;4;62;11;0.70;112938;94905;38833;10305;198;1.556932;1.540441;112930;112899
Polygons;10;682.0939;78.5;-1919.825;Air;1011.521;78.5;-2305.148;Air;1011.521;0;-2305.148;Ground;229.47;Transit;1 1 1 1;1;88;9;0.32;115231;96801;39590;10512;199;1.520838;1.485548;115192;115223
Polygons;10;682.1253;79.3;-1921.077;Air;-819.2726;79.3;1472.291;Air;-819.2726;0;1472.291;Ground;113.87;Transit;1 0 1 1;1;4;3;2.72;115231;96801;39590;10512;200;1.520838;1.485548;115223;115192
Polygons;10;1813.587;61.4;1796.845;Air;2307.763;61.4;-2120.32;Air;2307.763;0;-2120.32;Ground;262.81;Transit;1 1 1 1;1;13;4;2.35;115503;97055;39698;10528;201;2.668612;2.656292;115488;115490
Polygons;10;1816.205;61.8;1797.059;Air;-1672.758;61.8;1111.777;Air;-1672.758;0;1111.777;Ground;348.89;Transit;1 1 1 1;1;15;5;2.99;115503;97055;39698;10528;202;2.668612;2.656292;115490;115488
Polygons;10;-525.5963;87;-703.2947;NoFlyEvasion;-467.4081;87;-826.9514;NoFlyEvasion;-147.573;0;-2264.55;Ground;244.80;Transit;1 1 1 1;6;0;7;0.22;115794;97322;39810;10562;203;1.577248;1.530558;115764;115773
Polygons;10;-525.0167;86.3;-704.5262;NoFlyEvasion;-527.1759;86.3;-699.9377;NoFlyEvasion;-2070.376;0;-865.0428;Ground;115.20;Transit;1 1 1 1;4;92;10;2.93;115794;97322;39810;10562;204;1.577248;1.530558;115773;115764
Polygons;10;-606.6825;67.6;-42.30056;Air;-2162.504;67.6;301.0475;Air;-2162.504;0;301.0475;Ground;167.56;Transit;1 0 1 1;1;39;4;1.63;116246;97789;40021;10621;205;2.10169;2.088203;116222;116223
Polygons;10;-608.2013;69;-41.99423;Air;1586.365;69;-2631.661;Air;1586.365;0;-2631.661;Ground;229.72;Transit;1 1 1 1;1;26;5;2.58;116246;97789;40021;10621;206;2.10169;2.088203;116223;116222
Polygons;10;1543.576;42.7;1115.465;NoFlyEvasion;1532.592;42.7;1173.049;NoFlyEvasion;1131.118;0;2201.94;Ground;100.80;Transit;1 1 1 1;7;56;5;2.48;116540;97987;40094;10639;207;2.528195;2.445924;116476;116532
Polygons;10;1543.188;41.4;1117.5;NoFlyEvasion;1558.895;41.4;1035.162;NoFlyEvasion;1509.516;0;-1173.262;Ground;259.20;Transit;1 1 1 1;4;37;13;2.58;116540;97987;40094;10639;208;2.528195;2.445924;116532;116476
Polygons;10;1508.68;94.6;767.6495;NoFlyEvasion;1550.081;94.6;895.0656;NoFlyEvasion;1092.63;0;2479.691;Ground;72.00;Transit;1 1 1 1;7;3;5;0.91;116761;98185;40178;10653;209;1.896376;1.881335;116703;116744
Polygons;10;1508.26;95.9;766.3561;NoFlyEvasion;1550.081;95.9;895.0656;NoFlyEvasion;2034.808;0;1730.93;Ground;72.00;Transit;1 1 1 1;6;0;18;2.88;116761;98185;40178;10653;210;1.896376;1.881335;116744;116703
Polygons;10;-529.4692;57;1226.709;Air;1214.412;57;-1265.287;Air;1214.412;0;-1265.287;Ground;235.02;Transit;1 0 1 1;1;26;5;1.09;116854;98269;40217;10668;211;1.638672;1.588666;116834;116847
Polygons;10;-530.3276;57.3;1228.012;Air;1562.314;57.3;-1880.326;Air;1562.314;0;-1880.326;Ground;236.05;Transit;1 1 1 1;1;23;15;2.18;116854;98269;40217;10668;212;1.638672;1.588666;116847;116834
Polygons;10;-458.2413;84.1;-875.0056;NoFlyEvasion;-441.105;84.1;-964.8382;NoFlyEvasion;-689.8267;0;-2347.635;Ground;259.20;Transit;1 1 1 1;8;34;4;2.93;117034;98370;40262;10681;213;2.591308;2.530793;116973;116975
Polygons;10;-457.7671;84.1;-877.4916;NoFlyEvasion;-467.4081;84.1;-826.9514;NoFlyEvasion;-2204.759;0;-490.1875;Ground;100.80;Transit;1 1 1 1;3;62;4;2.25;117034;98370;40262;10681;214;2.591308;2.530793;116975;116973
Polygons;10;-1449.106;42;-1329.196;NoFlyEvasion;-1506.703;42;-1238.436;NoFlyEvasion;-796.5282;0;321.1106;Ground;122.40;Transit;1 1 1 1;5;22;8;1.13;117053;98400;40279;10690;215;0.8434389;0.6410529;117039;117045
Polygons;10;-1449.445;42.1;-1328.661;NoFlyEvasion;-1431.488;42.1;-1356.957;NoFlyEvasion;-996.5585;0;-2358.899;Ground;237.60;Transit;1 1 1 1;9;74;26;0.56;117053;98400;40279;10690;216;0.8434389;0.6410529;117045;117039
Polygons;10;1048.814;54.7;444.4157;NoFlyEvasion;1070.186;54.7;444.4156;NoFlyEvasion;2208.501;0;2022.974;Ground;180.00;Transit;1 1 1 1;18;72;17;0.38;118160;99344;40668;10790;217;1.389794;1.38657;118133;118148
Polygons;10;1050.186;54.5;444.4157;NoFlyEvasion;929.8126;54.5;444.4159;NoFlyEvasion;-1232.804;0;586.9905;Ground;180.00;Transit;1 1 1 1;7;7;10;2.40;118160;99344;40668;10790;218;1.389794;1.38657;118148;118133
Polygons;10;-1040.975;62.8;1064.355;Air;-1838.247;62.8;1752.05;Air;-1838.247;0;1752.05;Ground;139.22;Transit;1 1 1 1;1;78;14;2.65;118890;99916;40913;10860;219;2.314293;2.282872;118866;118880
Polygons;10;-1042.535;62.4;1065.973;Air;-1029.215;62.4;1208.948;Air;-1029.215;0;1208.948;Ground;84.68;Transit;1 1 1 1;1;83;7;1.98;118890;99916;40913;10860;220;2.314293;2.282872;118880;118866
Polygons;10;-1422.559;87.5;1755.856;Air;-1961.836;87.5;2070.929;Air;-1961.836;0;2070.929;Ground;149.70;Transit;0 0 1 1;1;51;1;2.12;118939;99960;40932;10868;221;2.041488;2.016918;118876;118934
Polygons;10;-1424.365;87;1755.11;Air;-963.1097;87;1370.131;Air;-963.1097;0;1370.131;Ground;219.85;Transit;1 1 1 1;1;56;18;1.97;118939;99960;40932;10868;222;2.041488;2.016918;118934;118876
Polygons;10;-509.9753;80.2;-736.491;NoFlyEvasion;-527.1759;80.2;-699.9377;NoFlyEvasion;-1101.998;0;442.2561;Ground;115.20;Transit;0 0 1 1;6;69;2;1.77;119266;100228;41017;10911;223;1.491751;1.4824;119201;119213
Polygons;10;-510.5831;80.6;-735.1994;NoFlyEvasion;-467.4081;80.6;-826.9514;NoFlyEvasion;1582.63;0;-2587.341;Ground;244.80;Transit;1 0 1 1;8;25;3;1.21;119266;100228;41017;10911;224;1.491751;1.4824;119213;119201
Polygons;10;-655.186;85;1209.624;Air;2179.997;85;-2196.442;Air;2179.997;0;-2196.442;Ground;230.23;Transit;1 1 1 1;1;27;5;2.98;121200;101767;41611;11068;225;1.736458;1.72153;121170;121189
Polygons;10;-654.4863;85.2;1208.064;Air;-1135.862;85.2;803.5041;Air;-1135.862;0;803.5041;Ground;319.96;Transit;1 1 1 1;1;4;1;0.49;121200;101767;41611;11068;226;1.736458;1.72153;121189;121170
Polygons;10;732.5609;99.9;1491.659;NoFlyEvasion;860.7337;99.9;1542.407;NoFlyEvasion;896.1639;0;2368.73;Ground;21.60;Transit;1 1 1 1;12;0;14;1.00;121422;101948;41682;11086;227;1.994775;1.864277;121397;121403
Polygons;10;733.7055;101.3;1492.113;NoFlyEvasion;730.2179;101.3;1490.732;NoFlyEvasion;-1770.867;0;1874.885;Ground;338.40;Transit;1 1 1 1;7;96;9;2.99;121422;101948;41682;11086;228;1.994775;1.864277;121403;121397
Polygons;10;-1560.578;100.3;1275.459;Air;-2149.031;100.3;1449.789;Air;-2149.031;0;1449.789;Ground;163.50;Transit;0 0 1 1;1;60;1;2.42;121888;102338;41840;11130;229;2.17774;2.151462;121800;121881
Polygons;10;-1560.245;98.2;1275.788;Air;-2181.992;98.2;-1118.026;Air;-2181.992;0;-1118.026;Ground;284.56;Transit;1 1 1 1;1;31;16;1.93;121888;102338;41840;11130;230;2.17774;2.151462;121881;121800
Polygons;10;1479.445;46.3;1285.992;NoFlyEvasion;1532.592;46.3;1173.049;NoFlyEvasion;1980.175;0;1207.199;Ground;244.80;Transit;1 1 1 1;12;10;5;2.54;122539;102900;42101;11205;231;2.766778;2.613384;122471;122517
Polygons;10;1480.557;46.4;1283.629;NoFlyEvasion;1472.824;46.4;1300.062;NoFlyEvasion;916.5728;0;2437.801;Ground;115.20;Transit;1 1 1 1;9;86;11;2.99;122539;102900;42101;11205;232;2.766778;2.613384;122517;122471
Polygons;10;1303.979;47.9;-1935.404;Air;1487.84;47.9;-2289.822;Air;1487.84;0;-2289.822;Ground;242.58;Transit;2 2 1 1;1;91;8;2.68;123572;103732;42411;11271;233;2.385095;2.384321;123522;123525
Polygons;10;1305.211;45.9;-1934.994;Air;1142.741;45.9;-1846.051;Air;1142.741;0;-1846.051;Ground;151.30;Transit;1 0 1 1;1;89;3;2.09;123572;103732;42411;11271;234;2.385095;2.384321;123525;123522
Polygons;10;-546.1838;85.3;-676.961;NoFlyEvasion;-616.653;85.3;-591.7782;NoFlyEvasion;-2656.813;0;340.9492;Ground;129.60;Transit;1 1 1 1;6;14;21;2.94;123873;104019;42517;11301;235;2.333282;2.210123;123860;123863
Polygons;10;-547.0841;87;-675.8728;NoFlyEvasion;-527.1759;87;-699.9377;NoFlyEvasion;1424.03;0;-2219.696;Ground;230.40;Transit;1 1 1 1;6;72;17;1.73;123873;104019;42517;11301;236;2.333282;2.210123;123863;123860
